YORUBA_YORUBA_0230_M_A0194.wav,YORUBA_YORUBA_0230_M_A0194.wav
YORUBA_YORUBA_0006_M_B0354.wav,YORUBA_YORUBA_0006_M_B0354.wav
YORUBA_YORUBA_0006_M_B0383.wav,YORUBA_YORUBA_0006_M_B0383.wav
YORUBA_YORUBA_0048_M_B0151.wav,YORUBA_YORUBA_0048_M_B0151.wav
EDO_OTHERS_0175_F_A0186.wav,EDO_OTHERS_0175_F_A0186.wav
YORUBA_YORUBA_0009_M_A0355.wav,YORUBA_YORUBA_0009_M_A0355.wav
IGBO_IGBO_0019_F_A0166.wav,IGBO_IGBO_0019_F_A0166.wav
EDO_IGBO_0122_M_A0154.wav,EDO_IGBO_0122_M_A0154.wav
IGBO_IGBO_0010_M_B0101.wav,IGBO_IGBO_0010_M_B0101.wav
OTHERS_HAUSA_0076_M_A0022.wav,OTHERS_HAUSA_0076_M_A0022.wav
IGBO_WESTERN_0025_F_A0309.wav,IGBO_WESTERN_0025_F_A0309.wav
IGBO_IGBO_0056_M_A0335.wav,IGBO_IGBO_0056_M_A0335.wav
IGBO_IGBO_0016_F_A0098.wav,IGBO_IGBO_0016_F_A0098.wav
YORUBA_YORUBA_0288_M_B0304.wav,YORUBA_YORUBA_0288_M_B0304.wav
YORUBA_YORUBA_0024_M_B0150.wav,YORUBA_YORUBA_0024_M_B0150.wav
YORUBA_YORUBA_0230_M_B0321.wav,YORUBA_YORUBA_0230_M_B0321.wav
YORUBA_YORUBA_0041_F_B0368.wav,YORUBA_YORUBA_0041_F_B0368.wav
YORUBA_YORUBA_0030_M_A0028.wav,YORUBA_YORUBA_0030_M_A0028.wav
IGBO_IGBO_0011_M_A0523.wav,IGBO_IGBO_0011_M_A0523.wav
YORUBA_YORUBA_0004_F_A0311.wav,YORUBA_YORUBA_0004_F_A0311.wav
YORUBA_YORUBA_0009_M_A0023.wav,YORUBA_YORUBA_0009_M_A0023.wav
YORUBA_YORUBA_0009_M_B0309.wav,YORUBA_YORUBA_0009_M_B0309.wav
IGBO_IGBO_0019_F_A0204.wav,IGBO_IGBO_0019_F_A0204.wav
YORUBA_YORUBA_0041_F_A0095.wav,YORUBA_YORUBA_0041_F_A0095.wav
IGBO_WESTERN_0054_M_B0471.wav,IGBO_WESTERN_0054_M_B0471.wav
YORUBA_YORUBA_0006_M_B0220.wav,YORUBA_YORUBA_0006_M_B0220.wav
YORUBA_YORUBA_0041_F_A0056.wav,YORUBA_YORUBA_0041_F_A0056.wav
YORUBA_YORUBA_0049_M_B0467.wav,YORUBA_YORUBA_0049_M_B0467.wav
OTHERS_OTHERS_0117_F_A0159.wav,OTHERS_OTHERS_0117_F_A0159.wav
YORUBA_WESTERN_0058_M_A0201.wav,YORUBA_WESTERN_0058_M_A0201.wav
YORUBA_YORUBA_0007_F_A0377.wav,YORUBA_YORUBA_0007_F_A0377.wav
YORUBA_YORUBA_0067_M_B0089.wav,YORUBA_YORUBA_0067_M_B0089.wav
YORUBA_YORUBA_0137_M_A0229.wav,YORUBA_YORUBA_0137_M_A0229.wav
IGBO_WESTERN_0025_F_A0095.wav,IGBO_WESTERN_0025_F_A0095.wav
YORUBA_YORUBA_0007_F_B0263.wav,YORUBA_YORUBA_0007_F_B0263.wav
EDO_IGBO_0122_M_A0551.wav,EDO_IGBO_0122_M_A0551.wav
YORUBA_YORUBA_0167_M_A0178.wav,YORUBA_YORUBA_0167_M_A0178.wav
YORUBA_YORUBA_0007_F_B0277.wav,YORUBA_YORUBA_0007_F_B0277.wav
YORUBA_YORUBA_0007_F_A0388.wav,YORUBA_YORUBA_0007_F_A0388.wav
IGBO_IGBO_0045_F_A0026.wav,IGBO_IGBO_0045_F_A0026.wav
YORUBA_YORUBA_0041_F_B0355.wav,YORUBA_YORUBA_0041_F_B0355.wav
YORUBA_YORUBA_0041_F_A0296.wav,YORUBA_YORUBA_0041_F_A0296.wav
IGBO_IGBO_0056_M_A0308.wav,IGBO_IGBO_0056_M_A0308.wav
YORUBA_YORUBA_0153_M_B0423.wav,YORUBA_YORUBA_0153_M_B0423.wav
IGBO_WESTERN_0025_F_A0452.wav,IGBO_WESTERN_0025_F_A0452.wav
IGBO_WESTERN_0054_M_A0174.wav,IGBO_WESTERN_0054_M_A0174.wav
YORUBA_YORUBA_0048_M_A0252.wav,YORUBA_YORUBA_0048_M_A0252.wav
YORUBA_YORUBA_0059_M_A0213.wav,YORUBA_YORUBA_0059_M_A0213.wav
YORUBA_YORUBA_0008_M_B0372.wav,YORUBA_YORUBA_0008_M_B0372.wav
YORUBA_YORUBA_0006_M_B0143.wav,YORUBA_YORUBA_0006_M_B0143.wav
YORUBA_YORUBA_0024_M_A0290.wav,YORUBA_YORUBA_0024_M_A0290.wav
EDO_YORUBA_0053_M_A0056.wav,EDO_YORUBA_0053_M_A0056.wav
YORUBA_YORUBA_0059_M_B0111.wav,YORUBA_YORUBA_0059_M_B0111.wav
YORUBA_YORUBA_0006_M_B0382.wav,YORUBA_YORUBA_0006_M_B0382.wav
YORUBA_YORUBA_0048_M_A0044.wav,YORUBA_YORUBA_0048_M_A0044.wav
YORUBA_YORUBA_0089_F_A0264.wav,YORUBA_YORUBA_0089_F_A0264.wav
YORUBA_WESTERN_0058_M_B0261.wav,YORUBA_WESTERN_0058_M_B0261.wav
OTHERS_WESTERN_0721_F_B0532.wav,OTHERS_WESTERN_0721_F_B0532.wav
IGBO_IGBO_0952_M_B0405.wav,IGBO_IGBO_0952_M_B0405.wav
IGBO_IGBO_0010_M_B0466.wav,IGBO_IGBO_0010_M_B0466.wav
YORUBA_YORUBA_0009_M_B0524.wav,YORUBA_YORUBA_0009_M_B0524.wav
IGBO_YORUBA_0549_M_A0086.wav,IGBO_YORUBA_0549_M_A0086.wav
IGBO_IGBO_0019_F_B0267.wav,IGBO_IGBO_0019_F_B0267.wav
IGBO_OTHERS_0268_M_A0155.wav,IGBO_OTHERS_0268_M_A0155.wav
YORUBA_YORUBA_0041_F_B0223.wav,YORUBA_YORUBA_0041_F_B0223.wav
YORUBA_YORUBA_0288_M_A0575.wav,YORUBA_YORUBA_0288_M_A0575.wav
YORUBA_YORUBA_0007_F_B0103.wav,YORUBA_YORUBA_0007_F_B0103.wav
OTHERS_OTHERS_0117_F_A0204.wav,OTHERS_OTHERS_0117_F_A0204.wav
IGBO_IGBO_0056_M_A0336.wav,IGBO_IGBO_0056_M_A0336.wav
IGBO_WESTERN_0025_F_A0444.wav,IGBO_WESTERN_0025_F_A0444.wav
IGBO_IGBO_0011_M_A0468.wav,IGBO_IGBO_0011_M_A0468.wav
OTHERS_YORUBA_0026_F_A0443.wav,OTHERS_YORUBA_0026_F_A0443.wav
IGBO_WESTERN_0025_F_B0418.wav,IGBO_WESTERN_0025_F_B0418.wav
IGBO_WESTERN_0025_F_B0356.wav,IGBO_WESTERN_0025_F_B0356.wav
IGBO_WESTERN_0025_F_B0342.wav,IGBO_WESTERN_0025_F_B0342.wav
IGBO_IGBO_0011_M_A0252.wav,IGBO_IGBO_0011_M_A0252.wav
YORUBA_YORUBA_0041_F_B0394.wav,YORUBA_YORUBA_0041_F_B0394.wav
YORUBA_YORUBA_0012_M_B0139.wav,YORUBA_YORUBA_0012_M_B0139.wav
YORUBA_YORUBA_0041_F_A0519.wav,YORUBA_YORUBA_0041_F_A0519.wav
YORUBA_YORUBA_0102_F_A0020.wav,YORUBA_YORUBA_0102_F_A0020.wav
YORUBA_YORUBA_0230_M_B0108.wav,YORUBA_YORUBA_0230_M_B0108.wav
YORUBA_YORUBA_0102_F_A0587.wav,YORUBA_YORUBA_0102_F_A0587.wav
IGBO_WESTERN_0054_M_A0214.wav,IGBO_WESTERN_0054_M_A0214.wav
YORUBA_YORUBA_0354_M_A0452.wav,YORUBA_YORUBA_0354_M_A0452.wav
IGBO_WESTERN_0025_F_A0055.wav,IGBO_WESTERN_0025_F_A0055.wav
OTHERS_OTHERS_0084_F_A0203.wav,OTHERS_OTHERS_0084_F_A0203.wav
EDO_YORUBA_0053_M_B0021.wav,EDO_YORUBA_0053_M_B0021.wav
YORUBA_YORUBA_0132_M_B0298.wav,YORUBA_YORUBA_0132_M_B0298.wav
YORUBA_YORUBA_0049_M_B0129.wav,YORUBA_YORUBA_0049_M_B0129.wav
YORUBA_HAUSA_0112_M_B0011.wav,YORUBA_HAUSA_0112_M_B0011.wav
OTHERS_YORUBA_0026_F_B0436.wav,OTHERS_YORUBA_0026_F_B0436.wav
YORUBA_HAUSA_0112_M_A0111.wav,YORUBA_HAUSA_0112_M_A0111.wav
OTHERS_YORUBA_0101_M_A0073.wav,OTHERS_YORUBA_0101_M_A0073.wav
YORUBA_YORUBA_0041_F_A0281.wav,YORUBA_YORUBA_0041_F_A0281.wav
IGBO_WESTERN_0025_F_A0337.wav,IGBO_WESTERN_0025_F_A0337.wav
YORUBA_YORUBA_0006_M_A0040.wav,YORUBA_YORUBA_0006_M_A0040.wav
IGBO_WESTERN_0054_M_A0163.wav,IGBO_WESTERN_0054_M_A0163.wav
YORUBA_YORUBA_0288_M_A0560.wav,YORUBA_YORUBA_0288_M_A0560.wav
YORUBA_YORUBA_0008_M_B0359.wav,YORUBA_YORUBA_0008_M_B0359.wav
YORUBA_YORUBA_0007_F_B0116.wav,YORUBA_YORUBA_0007_F_B0116.wav
YORUBA_HAUSA_0047_M_A0288.wav,YORUBA_HAUSA_0047_M_A0288.wav
IGBO_YORUBA_0549_M_A0252.wav,IGBO_YORUBA_0549_M_A0252.wav
IGBO_IGBO_0016_F_A0059.wav,IGBO_IGBO_0016_F_A0059.wav
IGBO_IGBO_0001_M_B0142.wav,IGBO_IGBO_0001_M_B0142.wav
YORUBA_YORUBA_0428_F_B0025.wav,YORUBA_YORUBA_0428_F_B0025.wav
IGBO_IGBO_0001_M_A0532.wav,IGBO_IGBO_0001_M_A0532.wav
EDO_IGBO_0122_M_B0268.wav,EDO_IGBO_0122_M_B0268.wav
IGBO_OTHERS_0268_M_A0418.wav,IGBO_OTHERS_0268_M_A0418.wav
YORUBA_YORUBA_0153_M_B0187.wav,YORUBA_YORUBA_0153_M_B0187.wav
YORUBA_YORUBA_0067_M_B0101.wav,YORUBA_YORUBA_0067_M_B0101.wav
IGBO_IGBO_0019_F_A0372.wav,IGBO_IGBO_0019_F_A0372.wav
IGBO_IGBO_0045_F_B0531.wav,IGBO_IGBO_0045_F_B0531.wav
YORUBA_YORUBA_0007_F_B0310.wav,YORUBA_YORUBA_0007_F_B0310.wav
YORUBA_YORUBA_0132_M_A0559.wav,YORUBA_YORUBA_0132_M_A0559.wav
YORUBA_YORUBA_0024_M_A0526.wav,YORUBA_YORUBA_0024_M_A0526.wav
IGBO_WESTERN_0025_F_B0019.wav,IGBO_WESTERN_0025_F_B0019.wav
YORUBA_YORUBA_0048_M_A0094.wav,YORUBA_YORUBA_0048_M_A0094.wav
IGBO_YORUBA_0549_M_A0083.wav,IGBO_YORUBA_0549_M_A0083.wav
YORUBA_HAUSA_0112_M_B0411.wav,YORUBA_HAUSA_0112_M_B0411.wav
IGBO_IGBO_0019_F_B0510.wav,IGBO_IGBO_0019_F_B0510.wav
YORUBA_YORUBA_0230_M_A0145.wav,YORUBA_YORUBA_0230_M_A0145.wav
YORUBA_YORUBA_0102_F_A0186.wav,YORUBA_YORUBA_0102_F_A0186.wav
YORUBA_YORUBA_0167_M_A0221.wav,YORUBA_YORUBA_0167_M_A0221.wav
YORUBA_YORUBA_0102_F_B0079.wav,YORUBA_YORUBA_0102_F_B0079.wav
YORUBA_YORUBA_0288_M_B0302.wav,YORUBA_YORUBA_0288_M_B0302.wav
IGBO_WESTERN_0054_M_A0173.wav,IGBO_WESTERN_0054_M_A0173.wav
YORUBA_YORUBA_0348_M_B0032.wav,YORUBA_YORUBA_0348_M_B0032.wav
OTHERS_YORUBA_0026_F_A0297.wav,OTHERS_YORUBA_0026_F_A0297.wav
YORUBA_YORUBA_0153_M_A0493.wav,YORUBA_YORUBA_0153_M_A0493.wav
YORUBA_YORUBA_0041_F_B0178.wav,YORUBA_YORUBA_0041_F_B0178.wav
IGBO_WESTERN_0025_F_B0151.wav,IGBO_WESTERN_0025_F_B0151.wav
OTHERS_HAUSA_0052_M_A0068.wav,OTHERS_HAUSA_0052_M_A0068.wav
IGBO_WESTERN_0025_F_A0051.wav,IGBO_WESTERN_0025_F_A0051.wav
YORUBA_YORUBA_0009_M_A0233.wav,YORUBA_YORUBA_0009_M_A0233.wav
EFIK_IBIBIO_EFIK_IBIBIO_0014_M_B0186.wav,EFIKIBIBIO_EFIKIBIBIO_0014_M_B0186.wav
IGBO_WESTERN_0054_M_A0577.wav,IGBO_WESTERN_0054_M_A0577.wav
IGBO_IGBO_0019_F_B0303.wav,IGBO_IGBO_0019_F_B0303.wav
OTHERS_YORUBA_0101_M_B0360.wav,OTHERS_YORUBA_0101_M_B0360.wav
YORUBA_YORUBA_0006_M_A0327.wav,YORUBA_YORUBA_0006_M_A0327.wav
IGBO_IGBO_0016_F_B0202.wav,IGBO_IGBO_0016_F_B0202.wav
YORUBA_YORUBA_0007_F_A0365.wav,YORUBA_YORUBA_0007_F_A0365.wav
YORUBA_YORUBA_0230_M_B0118.wav,YORUBA_YORUBA_0230_M_B0118.wav
YORUBA_YORUBA_0049_M_B0110.wav,YORUBA_YORUBA_0049_M_B0110.wav
EDO_YORUBA_0053_M_A0440.wav,EDO_YORUBA_0053_M_A0440.wav
YORUBA_YORUBA_0024_M_B0037.wav,YORUBA_YORUBA_0024_M_B0037.wav
YORUBA_YORUBA_0153_M_B0223.wav,YORUBA_YORUBA_0153_M_B0223.wav
YORUBA_YORUBA_0041_F_B0435.wav,YORUBA_YORUBA_0041_F_B0435.wav
YORUBA_YORUBA_0167_M_A0432.wav,YORUBA_YORUBA_0167_M_A0432.wav
YORUBA_YORUBA_0378_M_B0371.wav,YORUBA_YORUBA_0378_M_B0371.wav
YORUBA_YORUBA_0017_F_A0404.wav,YORUBA_YORUBA_0017_F_A0404.wav
YORUBA_YORUBA_0097_M_B0420.wav,YORUBA_YORUBA_0097_M_B0420.wav
YORUBA_YORUBA_0230_M_A0391.wav,YORUBA_YORUBA_0230_M_A0391.wav
YORUBA_YORUBA_0288_M_A0565.wav,YORUBA_YORUBA_0288_M_A0565.wav
YORUBA_YORUBA_0009_M_B0050.wav,YORUBA_YORUBA_0009_M_B0050.wav
YORUBA_YORUBA_0132_M_B0316.wav,YORUBA_YORUBA_0132_M_B0316.wav
EDO_OTHERS_0038_M_A0276.wav,EDO_OTHERS_0038_M_A0276.wav
YORUBA_YORUBA_0880_M_B0321.wav,YORUBA_YORUBA_0880_M_B0321.wav
IGBO_WESTERN_0054_M_B0502.wav,IGBO_WESTERN_0054_M_B0502.wav
IGBO_WESTERN_0025_F_B0018.wav,IGBO_WESTERN_0025_F_B0018.wav
YORUBA_YORUBA_0006_M_A0286.wav,YORUBA_YORUBA_0006_M_A0286.wav
OTHERS_OTHERS_1241_M_A0530.wav,OTHERS_OTHERS_1241_M_A0530.wav
YORUBA_YORUBA_0008_M_A0048.wav,YORUBA_YORUBA_0008_M_A0048.wav
IGBO_YORUBA_0416_M_B0453.wav,IGBO_YORUBA_0416_M_B0453.wav
YORUBA_YORUBA_0348_M_B0384.wav,YORUBA_YORUBA_0348_M_B0384.wav
YORUBA_YORUBA_0153_M_B0396.wav,YORUBA_YORUBA_0153_M_B0396.wav
YORUBA_YORUBA_0172_F_A0393.wav,YORUBA_YORUBA_0172_F_A0393.wav
YORUBA_YORUBA_0022_M_B0255.wav,YORUBA_YORUBA_0022_M_B0255.wav
IGBO_IGBO_0016_F_B0189.wav,IGBO_IGBO_0016_F_B0189.wav
OTHERS_OTHERS_0084_F_B0099.wav,OTHERS_OTHERS_0084_F_B0099.wav
YORUBA_YORUBA_0041_F_A0443.wav,YORUBA_YORUBA_0041_F_A0443.wav
EDO_OTHERS_0038_M_B0162.wav,EDO_OTHERS_0038_M_B0162.wav
YORUBA_YORUBA_0022_M_A0590.wav,YORUBA_YORUBA_0022_M_A0590.wav
YORUBA_YORUBA_0041_F_B0379.wav,YORUBA_YORUBA_0041_F_B0379.wav
EDO_YORUBA_0053_M_A0442.wav,EDO_YORUBA_0053_M_A0442.wav
IGBO_IGBO_0016_F_B0016.wav,IGBO_IGBO_0016_F_B0016.wav
OTHERS_YORUBA_0026_F_A0243.wav,OTHERS_YORUBA_0026_F_A0243.wav
YORUBA_YORUBA_0009_M_A0026.wav,YORUBA_YORUBA_0009_M_A0026.wav
YORUBA_YORUBA_0172_F_B0126.wav,YORUBA_YORUBA_0172_F_B0126.wav
YORUBA_YORUBA_0063_F_B0182.wav,YORUBA_YORUBA_0063_F_B0182.wav
YORUBA_YORUBA_0005_M_B0054.wav,YORUBA_YORUBA_0005_M_B0054.wav
EDO_OTHERS_0038_M_A0314.wav,EDO_OTHERS_0038_M_A0314.wav
YORUBA_YORUBA_0024_M_A0479.wav,YORUBA_YORUBA_0024_M_A0479.wav
IGBO_IGBO_0010_M_A0414.wav,IGBO_IGBO_0010_M_A0414.wav
YORUBA_YORUBA_0102_F_B0481.wav,YORUBA_YORUBA_0102_F_B0481.wav
IGBO_OTHERS_0268_M_B0457.wav,IGBO_OTHERS_0268_M_B0457.wav
IGBO_WESTERN_0054_M_A0206.wav,IGBO_WESTERN_0054_M_A0206.wav
YORUBA_YORUBA_0007_F_A0429.wav,YORUBA_YORUBA_0007_F_A0429.wav
YORUBA_YORUBA_0004_F_A0116.wav,YORUBA_YORUBA_0004_F_A0116.wav
YORUBA_YORUBA_0048_M_B0008.wav,YORUBA_YORUBA_0048_M_B0008.wav
OTHERS_OTHERS_0084_F_A0210.wav,OTHERS_OTHERS_0084_F_A0210.wav
IGBO_IGBO_0016_F_A0498.wav,IGBO_IGBO_0016_F_A0498.wav
YORUBA_YORUBA_0007_F_A0428.wav,YORUBA_YORUBA_0007_F_A0428.wav
YORUBA_YORUBA_0059_M_A0160.wav,YORUBA_YORUBA_0059_M_A0160.wav
YORUBA_YORUBA_0005_M_B0069.wav,YORUBA_YORUBA_0005_M_B0069.wav
OTHERS_HAUSA_0147_M_A0502.wav,OTHERS_HAUSA_0147_M_A0502.wav
YORUBA_YORUBA_0007_F_B0500.wav,YORUBA_YORUBA_0007_F_B0500.wav
IGBO_IGBO_0045_F_B0447.wav,IGBO_IGBO_0045_F_B0447.wav
IGBO_WESTERN_0025_F_B0392.wav,IGBO_WESTERN_0025_F_B0392.wav
YORUBA_YORUBA_0041_F_A0278.wav,YORUBA_YORUBA_0041_F_A0278.wav
YORUBA_YORUBA_0009_M_A0033.wav,YORUBA_YORUBA_0009_M_A0033.wav
YORUBA_YORUBA_0153_M_B0220.wav,YORUBA_YORUBA_0153_M_B0220.wav
YORUBA_YORUBA_0172_F_A0225.wav,YORUBA_YORUBA_0172_F_A0225.wav
EDO_YORUBA_0053_M_A0494.wav,EDO_YORUBA_0053_M_A0494.wav
IGBO_IGBO_0016_F_A0103.wav,IGBO_IGBO_0016_F_A0103.wav
EDO_YORUBA_0053_M_B0379.wav,EDO_YORUBA_0053_M_B0379.wav
IGBO_IGBO_0001_M_B0150.wav,IGBO_IGBO_0001_M_B0150.wav
EDO_OTHERS_0038_M_B0361.wav,EDO_OTHERS_0038_M_B0361.wav
YORUBA_YORUBA_0041_F_A0132.wav,YORUBA_YORUBA_0041_F_A0132.wav
YORUBA_YORUBA_0009_M_A0351.wav,YORUBA_YORUBA_0009_M_A0351.wav
YORUBA_YORUBA_0348_M_A0520.wav,YORUBA_YORUBA_0348_M_A0520.wav
YORUBA_YORUBA_0009_M_B0286.wav,YORUBA_YORUBA_0009_M_B0286.wav
IGBO_IGBO_0016_F_B0413.wav,IGBO_IGBO_0016_F_B0413.wav
IGBO_IGBO_0091_M_A0413.wav,IGBO_IGBO_0091_M_A0413.wav
YORUBA_HAUSA_0112_M_A0275.wav,YORUBA_HAUSA_0112_M_A0275.wav
EDO_OTHERS_0175_F_A0169.wav,EDO_OTHERS_0175_F_A0169.wav
EDO_OTHERS_0038_M_A0261.wav,EDO_OTHERS_0038_M_A0261.wav
OTHERS_OTHERS_0084_F_B0517.wav,OTHERS_OTHERS_0084_F_B0517.wav
IGBO_IGBO_0045_F_B0255.wav,IGBO_IGBO_0045_F_B0255.wav
YORUBA_YORUBA_0024_M_A0524.wav,YORUBA_YORUBA_0024_M_A0524.wav
EDO_YORUBA_0053_M_B0153.wav,EDO_YORUBA_0053_M_B0153.wav
YORUBA_YORUBA_0006_M_B0378.wav,YORUBA_YORUBA_0006_M_B0378.wav
IGBO_YORUBA_0018_M_A0329.wav,IGBO_YORUBA_0018_M_A0329.wav
YORUBA_YORUBA_0049_M_A0316.wav,YORUBA_YORUBA_0049_M_A0316.wav
IGBO_IGBO_0045_F_A0497.wav,IGBO_IGBO_0045_F_A0497.wav
YORUBA_YORUBA_0004_F_A0010.wav,YORUBA_YORUBA_0004_F_A0010.wav
YORUBA_YORUBA_0167_M_B0152.wav,YORUBA_YORUBA_0167_M_B0152.wav
IGBO_IGBO_0001_M_A0547.wav,IGBO_IGBO_0001_M_A0547.wav
IGBO_IGBO_0045_F_A0326.wav,IGBO_IGBO_0045_F_A0326.wav
YORUBA_WESTERN_0058_M_B0029.wav,YORUBA_WESTERN_0058_M_B0029.wav
EDO_OTHERS_0038_M_A0038.wav,EDO_OTHERS_0038_M_A0038.wav
YORUBA_YORUBA_0022_M_A0496.wav,YORUBA_YORUBA_0022_M_A0496.wav
OTHERS_HAUSA_0147_M_B0061.wav,OTHERS_HAUSA_0147_M_B0061.wav
IGBO_WESTERN_0025_F_A0418.wav,IGBO_WESTERN_0025_F_A0418.wav
YORUBA_YORUBA_0132_M_B0158.wav,YORUBA_YORUBA_0132_M_B0158.wav
EDO_YORUBA_0053_M_B0493.wav,EDO_YORUBA_0053_M_B0493.wav
EDO_YORUBA_0053_M_A0544.wav,EDO_YORUBA_0053_M_A0544.wav
YORUBA_YORUBA_0167_M_B0378.wav,YORUBA_YORUBA_0167_M_B0378.wav
YORUBA_YORUBA_0041_F_B0337.wav,YORUBA_YORUBA_0041_F_B0337.wav
YORUBA_YORUBA_0059_M_A0305.wav,YORUBA_YORUBA_0059_M_A0305.wav
OTHERS_OTHERS_0117_F_B0238.wav,OTHERS_OTHERS_0117_F_B0238.wav
EDO_IGBO_0122_M_A0043.wav,EDO_IGBO_0122_M_A0043.wav
IGBO_IGBO_0045_F_A0087.wav,IGBO_IGBO_0045_F_A0087.wav
YORUBA_YORUBA_0137_M_A0061.wav,YORUBA_YORUBA_0137_M_A0061.wav
YORUBA_HAUSA_0047_M_A0404.wav,YORUBA_HAUSA_0047_M_A0404.wav
IGBO_IGBO_0045_F_A0044.wav,IGBO_IGBO_0045_F_A0044.wav
YORUBA_YORUBA_0030_M_A0063.wav,YORUBA_YORUBA_0030_M_A0063.wav
YORUBA_YORUBA_0041_F_B0135.wav,YORUBA_YORUBA_0041_F_B0135.wav
YORUBA_YORUBA_0102_F_B0430.wav,YORUBA_YORUBA_0102_F_B0430.wav
EDO_OTHERS_0038_M_A0428.wav,EDO_OTHERS_0038_M_A0428.wav
YORUBA_YORUBA_0007_F_A0315.wav,YORUBA_YORUBA_0007_F_A0315.wav
YORUBA_YORUBA_0153_M_A0186.wav,YORUBA_YORUBA_0153_M_A0186.wav
IGBO_IGBO_0019_F_B0429.wav,IGBO_IGBO_0019_F_B0429.wav
YORUBA_YORUBA_0348_M_A0354.wav,YORUBA_YORUBA_0348_M_A0354.wav
YORUBA_YORUBA_0009_M_B0394.wav,YORUBA_YORUBA_0009_M_B0394.wav
YORUBA_YORUBA_0041_F_A0020.wav,YORUBA_YORUBA_0041_F_A0020.wav
IGBO_IGBO_0056_M_B0121.wav,IGBO_IGBO_0056_M_B0121.wav
YORUBA_YORUBA_0006_M_B0256.wav,YORUBA_YORUBA_0006_M_B0256.wav
IGBO_WESTERN_0025_F_B0492.wav,IGBO_WESTERN_0025_F_B0492.wav
YORUBA_YORUBA_0048_M_B0245.wav,YORUBA_YORUBA_0048_M_B0245.wav
YORUBA_YORUBA_0097_M_B0257.wav,YORUBA_YORUBA_0097_M_B0257.wav
YORUBA_YORUBA_0378_M_B0260.wav,YORUBA_YORUBA_0378_M_B0260.wav
IGBO_WESTERN_0025_F_B0337.wav,IGBO_WESTERN_0025_F_B0337.wav
IGBO_IGBO_0045_F_B0151.wav,IGBO_IGBO_0045_F_B0151.wav
YORUBA_YORUBA_0006_M_B0054.wav,YORUBA_YORUBA_0006_M_B0054.wav
IGBO_IGBO_0019_F_B0038.wav,IGBO_IGBO_0019_F_B0038.wav
YORUBA_YORUBA_0153_M_B0440.wav,YORUBA_YORUBA_0153_M_B0440.wav
YORUBA_YORUBA_0048_M_B0325.wav,YORUBA_YORUBA_0048_M_B0325.wav
IGBO_IGBO_0045_F_A0125.wav,IGBO_IGBO_0045_F_A0125.wav
IGBO_IGBO_0011_M_B0284.wav,IGBO_IGBO_0011_M_B0284.wav
EDO_OTHERS_0038_M_A0039.wav,EDO_OTHERS_0038_M_A0039.wav
YORUBA_YORUBA_0378_M_B0499.wav,YORUBA_YORUBA_0378_M_B0499.wav
IGBO_YORUBA_0060_F_B0057.wav,IGBO_YORUBA_0060_F_B0057.wav
YORUBA_YORUBA_0007_F_B0162.wav,YORUBA_YORUBA_0007_F_B0162.wav
YORUBA_YORUBA_0041_F_B0530.wav,YORUBA_YORUBA_0041_F_B0530.wav
YORUBA_YORUBA_0382_M_B0495.wav,YORUBA_YORUBA_0382_M_B0495.wav
IGALA_YORUBA_0066_M_A0440.wav,IGALA_YORUBA_0066_M_A0440.wav
YORUBA_WESTERN_0058_M_A0464.wav,YORUBA_WESTERN_0058_M_A0464.wav
YORUBA_YORUBA_0004_F_B0139.wav,YORUBA_YORUBA_0004_F_B0139.wav
IGBO_IGBO_0019_F_A0448.wav,IGBO_IGBO_0019_F_A0448.wav
YORUBA_YORUBA_0006_M_A0593.wav,YORUBA_YORUBA_0006_M_A0593.wav
YORUBA_YORUBA_0006_M_B0450.wav,YORUBA_YORUBA_0006_M_B0450.wav
IGBO_WESTERN_0025_F_B0069.wav,IGBO_WESTERN_0025_F_B0069.wav
IGBO_WESTERN_0025_F_B0043.wav,IGBO_WESTERN_0025_F_B0043.wav
YORUBA_YORUBA_0059_M_A0058.wav,YORUBA_YORUBA_0059_M_A0058.wav
EDO_IGBO_0122_M_A0336.wav,EDO_IGBO_0122_M_A0336.wav
YORUBA_YORUBA_0006_M_B0491.wav,YORUBA_YORUBA_0006_M_B0491.wav
YORUBA_YORUBA_0008_M_A0011.wav,YORUBA_YORUBA_0008_M_A0011.wav
YORUBA_YORUBA_0006_M_A0546.wav,YORUBA_YORUBA_0006_M_A0546.wav
EDO_OTHERS_0038_M_A0588.wav,EDO_OTHERS_0038_M_A0588.wav
IGBO_IGBO_0045_F_A0443.wav,IGBO_IGBO_0045_F_A0443.wav
EDO_OTHERS_0175_F_A0469.wav,EDO_OTHERS_0175_F_A0469.wav
IGBO_WESTERN_0025_F_B0241.wav,IGBO_WESTERN_0025_F_B0241.wav
IGBO_IGBO_0016_F_B0113.wav,IGBO_IGBO_0016_F_B0113.wav
YORUBA_HAUSA_0047_M_A0215.wav,YORUBA_HAUSA_0047_M_A0215.wav
YORUBA_YORUBA_0167_M_A0327.wav,YORUBA_YORUBA_0167_M_A0327.wav
IGBO_WESTERN_0025_F_B0447.wav,IGBO_WESTERN_0025_F_B0447.wav
YORUBA_YORUBA_0153_M_B0536.wav,YORUBA_YORUBA_0153_M_B0536.wav
IGBO_IGBO_0019_F_A0099.wav,IGBO_IGBO_0019_F_A0099.wav
OTHERS_HAUSA_0076_M_A0308.wav,OTHERS_HAUSA_0076_M_A0308.wav
EDO_OTHERS_0038_M_A0365.wav,EDO_OTHERS_0038_M_A0365.wav
YORUBA_YORUBA_0006_M_B0532.wav,YORUBA_YORUBA_0006_M_B0532.wav
IGBO_IGBO_0019_F_A0264.wav,IGBO_IGBO_0019_F_A0264.wav
YORUBA_YORUBA_0004_F_A0167.wav,YORUBA_YORUBA_0004_F_A0167.wav
OTHERS_YORUBA_0026_F_A0031.wav,OTHERS_YORUBA_0026_F_A0031.wav
YORUBA_YORUBA_0022_M_B0190.wav,YORUBA_YORUBA_0022_M_B0190.wav
YORUBA_YORUBA_0007_F_A0465.wav,YORUBA_YORUBA_0007_F_A0465.wav
YORUBA_YORUBA_0006_M_A0355.wav,YORUBA_YORUBA_0006_M_A0355.wav
OTHERS_WESTERN_0721_F_B0383.wav,OTHERS_WESTERN_0721_F_B0383.wav
YORUBA_YORUBA_0102_F_B0340.wav,YORUBA_YORUBA_0102_F_B0340.wav
IGBO_IGBO_0045_F_B0344.wav,IGBO_IGBO_0045_F_B0344.wav
YORUBA_YORUBA_0059_M_A0139.wav,YORUBA_YORUBA_0059_M_A0139.wav
YORUBA_YORUBA_0041_F_B0137.wav,YORUBA_YORUBA_0041_F_B0137.wav
IGBO_WESTERN_0025_F_A0220.wav,IGBO_WESTERN_0025_F_A0220.wav
IGBO_IGBO_0045_F_A0046.wav,IGBO_IGBO_0045_F_A0046.wav
YORUBA_YORUBA_0153_M_B0537.wav,YORUBA_YORUBA_0153_M_B0537.wav
YORUBA_YORUBA_0007_F_A0101.wav,YORUBA_YORUBA_0007_F_A0101.wav
IGBO_IGBO_0019_F_B0167.wav,IGBO_IGBO_0019_F_B0167.wav
YORUBA_YORUBA_0059_M_B0213.wav,YORUBA_YORUBA_0059_M_B0213.wav
IGBO_IGBO_0010_M_A0128.wav,IGBO_IGBO_0010_M_A0128.wav
YORUBA_YORUBA_0049_M_B0189.wav,YORUBA_YORUBA_0049_M_B0189.wav
EDO_OTHERS_0175_F_A0246.wav,EDO_OTHERS_0175_F_A0246.wav
YORUBA_YORUBA_0041_F_A0590.wav,YORUBA_YORUBA_0041_F_A0590.wav
YORUBA_YORUBA_0428_F_B0522.wav,YORUBA_YORUBA_0428_F_B0522.wav
YORUBA_YORUBA_0153_M_B0325.wav,YORUBA_YORUBA_0153_M_B0325.wav
YORUBA_WESTERN_0364_M_A0530.wav,YORUBA_WESTERN_0364_M_A0530.wav
IGBO_IGBO_0001_M_A0021.wav,IGBO_IGBO_0001_M_A0021.wav
YORUBA_YORUBA_0024_M_A0025.wav,YORUBA_YORUBA_0024_M_A0025.wav
OTHERS_OTHERS_0154_M_A0437.wav,OTHERS_OTHERS_0154_M_A0437.wav
EDO_YORUBA_0053_M_B0308.wav,EDO_YORUBA_0053_M_B0308.wav
YORUBA_YORUBA_0041_F_B0533.wav,YORUBA_YORUBA_0041_F_B0533.wav
YORUBA_YORUBA_0041_F_A0396.wav,YORUBA_YORUBA_0041_F_A0396.wav
YORUBA_YORUBA_0153_M_B0133.wav,YORUBA_YORUBA_0153_M_B0133.wav
YORUBA_YORUBA_0009_M_A0446.wav,YORUBA_YORUBA_0009_M_A0446.wav
YORUBA_YORUBA_0030_M_A0317.wav,YORUBA_YORUBA_0030_M_A0317.wav
YORUBA_YORUBA_0089_M_A0176.wav,YORUBA_YORUBA_0089_M_A0176.wav
YORUBA_YORUBA_0024_M_B0482.wav,YORUBA_YORUBA_0024_M_B0482.wav
YORUBA_YORUBA_0024_M_A0569.wav,YORUBA_YORUBA_0024_M_A0569.wav
EDO_OTHERS_0038_M_A0204.wav,EDO_OTHERS_0038_M_A0204.wav
IGBO_YORUBA_0018_M_A0313.wav,IGBO_YORUBA_0018_M_A0313.wav
YORUBA_YORUBA_0132_M_A0248.wav,YORUBA_YORUBA_0132_M_A0248.wav
YORUBA_YORUBA_0089_M_A0166.wav,YORUBA_YORUBA_0089_M_A0166.wav
OTHERS_OTHERS_1241_M_A0550.wav,OTHERS_OTHERS_1241_M_A0550.wav
IGBO_WESTERN_0054_M_B0212.wav,IGBO_WESTERN_0054_M_B0212.wav
YORUBA_YORUBA_0024_M_B0445.wav,YORUBA_YORUBA_0024_M_B0445.wav
EDO_IGBO_0122_M_A0496.wav,EDO_IGBO_0122_M_A0496.wav
YORUBA_YORUBA_0007_F_A0501.wav,YORUBA_YORUBA_0007_F_A0501.wav
YORUBA_YORUBA_0097_M_B0495.wav,YORUBA_YORUBA_0097_M_B0495.wav
OTHERS_OTHERS_0117_F_B0438.wav,OTHERS_OTHERS_0117_F_B0438.wav
YORUBA_YORUBA_0041_F_A0392.wav,YORUBA_YORUBA_0041_F_A0392.wav
YORUBA_YORUBA_0004_F_B0314.wav,YORUBA_YORUBA_0004_F_B0314.wav
YORUBA_YORUBA_0059_M_A0505.wav,YORUBA_YORUBA_0059_M_A0505.wav
EDO_OTHERS_0038_M_A0016.wav,EDO_OTHERS_0038_M_A0016.wav
YORUBA_YORUBA_0153_M_A0584.wav,YORUBA_YORUBA_0153_M_A0584.wav
YORUBA_YORUBA_0048_M_A0587.wav,YORUBA_YORUBA_0048_M_A0587.wav
YORUBA_YORUBA_0022_M_A0453.wav,YORUBA_YORUBA_0022_M_A0453.wav
YORUBA_YORUBA_0063_F_B0525.wav,YORUBA_YORUBA_0063_F_B0525.wav
YORUBA_YORUBA_0260_M_B0149.wav,YORUBA_YORUBA_0260_M_B0149.wav
YORUBA_YORUBA_0059_M_B0377.wav,YORUBA_YORUBA_0059_M_B0377.wav
OTHERS_YORUBA_0026_F_A0586.wav,OTHERS_YORUBA_0026_F_A0586.wav
IGBO_YORUBA_0060_F_B0124.wav,IGBO_YORUBA_0060_F_B0124.wav
EFIK_IBIBIO_EFIK_IBIBIO_0014_M_A0581.wav,EFIKIBIBIO_EFIKIBIBIO_0014_M_A0581.wav
YORUBA_YORUBA_0022_M_A0296.wav,YORUBA_YORUBA_0022_M_A0296.wav
YORUBA_YORUBA_0102_F_A0085.wav,YORUBA_YORUBA_0102_F_A0085.wav
YORUBA_YORUBA_0167_M_A0444.wav,YORUBA_YORUBA_0167_M_A0444.wav
EDO_OTHERS_0175_F_B0424.wav,EDO_OTHERS_0175_F_B0424.wav
YORUBA_YORUBA_0153_M_B0094.wav,YORUBA_YORUBA_0153_M_B0094.wav
IGBO_WESTERN_0025_F_B0132.wav,IGBO_WESTERN_0025_F_B0132.wav
YORUBA_YORUBA_0007_F_B0213.wav,YORUBA_YORUBA_0007_F_B0213.wav
YORUBA_YORUBA_0009_M_B0378.wav,YORUBA_YORUBA_0009_M_B0378.wav
YORUBA_YORUBA_0024_M_A0419.wav,YORUBA_YORUBA_0024_M_A0419.wav
YORUBA_YORUBA_0007_F_A0461.wav,YORUBA_YORUBA_0007_F_A0461.wav
YORUBA_YORUBA_0007_F_A0307.wav,YORUBA_YORUBA_0007_F_A0307.wav
YORUBA_YORUBA_0024_M_B0531.wav,YORUBA_YORUBA_0024_M_B0531.wav
IGBO_IGBO_0045_F_A0254.wav,IGBO_IGBO_0045_F_A0254.wav
IGBO_YORUBA_0549_M_A0194.wav,IGBO_YORUBA_0549_M_A0194.wav
IGBO_IGBO_0045_F_A0268.wav,IGBO_IGBO_0045_F_A0268.wav
IGBO_WESTERN_0054_M_A0266.wav,IGBO_WESTERN_0054_M_A0266.wav
IGBO_IGBO_0056_M_A0027.wav,IGBO_IGBO_0056_M_A0027.wav
YORUBA_YORUBA_0097_M_B0047.wav,YORUBA_YORUBA_0097_M_B0047.wav
YORUBA_YORUBA_0007_F_A0460.wav,YORUBA_YORUBA_0007_F_A0460.wav
IGBO_YORUBA_0018_M_B0400.wav,IGBO_YORUBA_0018_M_B0400.wav
YORUBA_YORUBA_0006_M_B0536.wav,YORUBA_YORUBA_0006_M_B0536.wav
OTHERS_OTHERS_0154_M_A0022.wav,OTHERS_OTHERS_0154_M_A0022.wav
YORUBA_YORUBA_0004_F_B0077.wav,YORUBA_YORUBA_0004_F_B0077.wav
YORUBA_YORUBA_0022_M_B0156.wav,YORUBA_YORUBA_0022_M_B0156.wav
YORUBA_YORUBA_0022_M_A0081.wav,YORUBA_YORUBA_0022_M_A0081.wav
YORUBA_YORUBA_0097_M_B0279.wav,YORUBA_YORUBA_0097_M_B0279.wav
IGALA_YORUBA_0066_M_B0368.wav,IGALA_YORUBA_0066_M_B0368.wav
YORUBA_YORUBA_0230_M_B0345.wav,YORUBA_YORUBA_0230_M_B0345.wav
YORUBA_YORUBA_0049_M_B0013.wav,YORUBA_YORUBA_0049_M_B0013.wav
YORUBA_YORUBA_0048_M_A0592.wav,YORUBA_YORUBA_0048_M_A0592.wav
YORUBA_YORUBA_0004_F_B0473.wav,YORUBA_YORUBA_0004_F_B0473.wav
EDO_IGBO_0122_M_A0130.wav,EDO_IGBO_0122_M_A0130.wav
OTHERS_WESTERN_0721_F_A0443.wav,OTHERS_WESTERN_0721_F_A0443.wav
YORUBA_YORUBA_0007_F_A0528.wav,YORUBA_YORUBA_0007_F_A0528.wav
YORUBA_HAUSA_0112_M_B0473.wav,YORUBA_HAUSA_0112_M_B0473.wav
YORUBA_YORUBA_0063_F_A0183.wav,YORUBA_YORUBA_0063_F_A0183.wav
YORUBA_YORUBA_0007_F_A0500.wav,YORUBA_YORUBA_0007_F_A0500.wav
IGBO_IGBO_0091_M_B0229.wav,IGBO_IGBO_0091_M_B0229.wav
YORUBA_YORUBA_0006_M_B0330.wav,YORUBA_YORUBA_0006_M_B0330.wav
EFIK_IBIBIO_EFIK_IBIBIO_0014_M_A0184.wav,EFIKIBIBIO_EFIKIBIBIO_0014_M_A0184.wav
YORUBA_YORUBA_0007_F_B0372.wav,YORUBA_YORUBA_0007_F_B0372.wav
YORUBA_YORUBA_0172_F_B0025.wav,YORUBA_YORUBA_0172_F_B0025.wav
IGBO_YORUBA_0018_M_A0310.wav,IGBO_YORUBA_0018_M_A0310.wav
IGBO_IGBO_0056_M_A0186.wav,IGBO_IGBO_0056_M_A0186.wav
EDO_YORUBA_0053_M_A0031.wav,EDO_YORUBA_0053_M_A0031.wav
OTHERS_OTHERS_0084_F_A0449.wav,OTHERS_OTHERS_0084_F_A0449.wav
EDO_IGBO_0122_M_A0481.wav,EDO_IGBO_0122_M_A0481.wav
IGBO_IGBO_0001_M_A0224.wav,IGBO_IGBO_0001_M_A0224.wav
EFIK_IBIBIO_EFIK_IBIBIO_0087_M_B0461.wav,EFIKIBIBIO_EFIKIBIBIO_0087_M_B0461.wav
IGBO_IGBO_0045_F_B0035.wav,IGBO_IGBO_0045_F_B0035.wav
YORUBA_YORUBA_0022_M_A0493.wav,YORUBA_YORUBA_0022_M_A0493.wav
OTHERS_YORUBA_0101_M_A0163.wav,OTHERS_YORUBA_0101_M_A0163.wav
EDO_OTHERS_0038_M_B0129.wav,EDO_OTHERS_0038_M_B0129.wav
OTHERS_YORUBA_0026_F_A0426.wav,OTHERS_YORUBA_0026_F_A0426.wav
IGBO_OTHERS_0268_M_B0018.wav,IGBO_OTHERS_0268_M_B0018.wav
OTHERS_OTHERS_0154_M_B0524.wav,OTHERS_OTHERS_0154_M_B0524.wav
OTHERS_YORUBA_0026_F_B0334.wav,OTHERS_YORUBA_0026_F_B0334.wav
EDO_OTHERS_0038_M_A0149.wav,EDO_OTHERS_0038_M_A0149.wav
YORUBA_YORUBA_0004_F_B0263.wav,YORUBA_YORUBA_0004_F_B0263.wav
YORUBA_YORUBA_0006_M_B0044.wav,YORUBA_YORUBA_0006_M_B0044.wav
OTHERS_HAUSA_0052_M_B0478.wav,OTHERS_HAUSA_0052_M_B0478.wav
IGBO_IGBO_0010_M_A0107.wav,IGBO_IGBO_0010_M_A0107.wav
YORUBA_YORUBA_0005_M_A0453.wav,YORUBA_YORUBA_0005_M_A0453.wav
IGBO_IGBO_0019_F_B0148.wav,IGBO_IGBO_0019_F_B0148.wav
YORUBA_HAUSA_0112_M_B0061.wav,YORUBA_HAUSA_0112_M_B0061.wav
IGBO_IGBO_0016_F_B0049.wav,IGBO_IGBO_0016_F_B0049.wav
IGBO_YORUBA_0060_F_B0457.wav,IGBO_YORUBA_0060_F_B0457.wav
IGBO_YORUBA_0549_M_B0083.wav,IGBO_YORUBA_0549_M_B0083.wav
YORUBA_YORUBA_0041_F_B0130.wav,YORUBA_YORUBA_0041_F_B0130.wav
YORUBA_YORUBA_0006_M_A0435.wav,YORUBA_YORUBA_0006_M_A0435.wav
YORUBA_YORUBA_0007_F_A0311.wav,YORUBA_YORUBA_0007_F_A0311.wav
YORUBA_YORUBA_0022_M_B0196.wav,YORUBA_YORUBA_0022_M_B0196.wav
YORUBA_HAUSA_0112_M_A0362.wav,YORUBA_HAUSA_0112_M_A0362.wav
YORUBA_YORUBA_0007_F_A0488.wav,YORUBA_YORUBA_0007_F_A0488.wav
EDO_OTHERS_0175_F_B0181.wav,EDO_OTHERS_0175_F_B0181.wav
YORUBA_YORUBA_0067_M_B0004.wav,YORUBA_YORUBA_0067_M_B0004.wav
IGBO_WESTERN_0025_F_B0124.wav,IGBO_WESTERN_0025_F_B0124.wav
YORUBA_YORUBA_0348_M_A0386.wav,YORUBA_YORUBA_0348_M_A0386.wav
YORUBA_YORUBA_0006_M_B0086.wav,YORUBA_YORUBA_0006_M_B0086.wav
YORUBA_YORUBA_0049_M_B0170.wav,YORUBA_YORUBA_0049_M_B0170.wav
EDO_YORUBA_0053_M_B0291.wav,EDO_YORUBA_0053_M_B0291.wav
YORUBA_YORUBA_0153_M_B0257.wav,YORUBA_YORUBA_0153_M_B0257.wav
YORUBA_YORUBA_0007_F_A0107.wav,YORUBA_YORUBA_0007_F_A0107.wav
IGBO_WESTERN_0025_F_A0232.wav,IGBO_WESTERN_0025_F_A0232.wav
YORUBA_YORUBA_0004_F_A0438.wav,YORUBA_YORUBA_0004_F_A0438.wav
YORUBA_YORUBA_0024_M_A0194.wav,YORUBA_YORUBA_0024_M_A0194.wav
OTHERS_OTHERS_0084_F_B0170.wav,OTHERS_OTHERS_0084_F_B0170.wav
IGBO_IGBO_0016_F_A0148.wav,IGBO_IGBO_0016_F_A0148.wav
IGBO_WESTERN_0054_M_B0166.wav,IGBO_WESTERN_0054_M_B0166.wav
YORUBA_YORUBA_0083_F_B0038.wav,YORUBA_YORUBA_0083_F_B0038.wav
IGBO_IGBO_0045_F_A0083.wav,IGBO_IGBO_0045_F_A0083.wav
IGBO_WESTERN_0025_F_A0583.wav,IGBO_WESTERN_0025_F_A0583.wav
YORUBA_YORUBA_0004_F_A0216.wav,YORUBA_YORUBA_0004_F_A0216.wav
YORUBA_YORUBA_0006_M_A0025.wav,YORUBA_YORUBA_0006_M_A0025.wav
YORUBA_WESTERN_0058_M_A0105.wav,YORUBA_WESTERN_0058_M_A0105.wav
YORUBA_HAUSA_0112_M_A0028.wav,YORUBA_HAUSA_0112_M_A0028.wav
YORUBA_YORUBA_0153_M_A0223.wav,YORUBA_YORUBA_0153_M_A0223.wav
YORUBA_YORUBA_0089_M_A0400.wav,YORUBA_YORUBA_0089_M_A0400.wav
YORUBA_YORUBA_0007_F_B0173.wav,YORUBA_YORUBA_0007_F_B0173.wav
YORUBA_YORUBA_0006_M_B0496.wav,YORUBA_YORUBA_0006_M_B0496.wav
IGBO_IGBO_0016_F_B0458.wav,IGBO_IGBO_0016_F_B0458.wav
EFIK_IBIBIO_EFIK_IBIBIO_0014_M_A0144.wav,EFIKIBIBIO_EFIKIBIBIO_0014_M_A0144.wav
YORUBA_YORUBA_0041_F_A0179.wav,YORUBA_YORUBA_0041_F_A0179.wav
YORUBA_YORUBA_0097_M_A0018.wav,YORUBA_YORUBA_0097_M_A0018.wav
YORUBA_YORUBA_0006_M_B0441.wav,YORUBA_YORUBA_0006_M_B0441.wav
IGBO_IGBO_0010_M_B0364.wav,IGBO_IGBO_0010_M_B0364.wav
YORUBA_YORUBA_0006_M_B0464.wav,YORUBA_YORUBA_0006_M_B0464.wav
YORUBA_YORUBA_0004_F_B0125.wav,YORUBA_YORUBA_0004_F_B0125.wav
IGBO_IGBO_0010_M_A0282.wav,IGBO_IGBO_0010_M_A0282.wav
IGBO_WESTERN_0054_M_A0453.wav,IGBO_WESTERN_0054_M_A0453.wav
YORUBA_YORUBA_0009_M_A0459.wav,YORUBA_YORUBA_0009_M_A0459.wav
IGBO_WESTERN_0025_F_A0161.wav,IGBO_WESTERN_0025_F_A0161.wav
YORUBA_YORUBA_0041_F_B0510.wav,YORUBA_YORUBA_0041_F_B0510.wav
YORUBA_YORUBA_0007_F_B0156.wav,YORUBA_YORUBA_0007_F_B0156.wav
OTHERS_YORUBA_0026_F_B0270.wav,OTHERS_YORUBA_0026_F_B0270.wav
YORUBA_YORUBA_1049_M_B0390.wav,YORUBA_YORUBA_1049_M_B0390.wav
YORUBA_YORUBA_0041_F_A0389.wav,YORUBA_YORUBA_0041_F_A0389.wav
EDO_OTHERS_0038_M_B0125.wav,EDO_OTHERS_0038_M_B0125.wav
YORUBA_YORUBA_0378_M_A0585.wav,YORUBA_YORUBA_0378_M_A0585.wav
EDO_IGBO_0122_M_B0016.wav,EDO_IGBO_0122_M_B0016.wav
IGBO_IGBO_0238_M_B0512.wav,IGBO_IGBO_0238_M_B0512.wav
YORUBA_YORUBA_0382_M_B0264.wav,YORUBA_YORUBA_0382_M_B0264.wav
EDO_YORUBA_0053_M_B0288.wav,EDO_YORUBA_0053_M_B0288.wav
YORUBA_YORUBA_0153_M_B0266.wav,YORUBA_YORUBA_0153_M_B0266.wav
YORUBA_YORUBA_0007_F_A0136.wav,YORUBA_YORUBA_0007_F_A0136.wav
YORUBA_YORUBA_0009_M_B0363.wav,YORUBA_YORUBA_0009_M_B0363.wav
IGBO_WESTERN_0054_M_B0369.wav,IGBO_WESTERN_0054_M_B0369.wav
IGALA_YORUBA_0066_M_B0170.wav,IGALA_YORUBA_0066_M_B0170.wav
YORUBA_YORUBA_0102_F_A0539.wav,YORUBA_YORUBA_0102_F_A0539.wav
EDO_OTHERS_0038_M_B0535.wav,EDO_OTHERS_0038_M_B0535.wav
YORUBA_YORUBA_0030_M_B0396.wav,YORUBA_YORUBA_0030_M_B0396.wav
YORUBA_YORUBA_0004_F_A0150.wav,YORUBA_YORUBA_0004_F_A0150.wav
YORUBA_YORUBA_0102_F_B0389.wav,YORUBA_YORUBA_0102_F_B0389.wav
YORUBA_YORUBA_0012_M_A0290.wav,YORUBA_YORUBA_0012_M_A0290.wav
OTHERS_OTHERS_1241_M_B0270.wav,OTHERS_OTHERS_1241_M_B0270.wav
IGBO_YORUBA_0018_M_A0241.wav,IGBO_YORUBA_0018_M_A0241.wav
YORUBA_YORUBA_0041_F_B0129.wav,YORUBA_YORUBA_0041_F_B0129.wav
YORUBA_YORUBA_0097_M_B0276.wav,YORUBA_YORUBA_0097_M_B0276.wav
YORUBA_YORUBA_0022_M_A0273.wav,YORUBA_YORUBA_0022_M_A0273.wav
IGBO_IGBO_0019_F_A0092.wav,IGBO_IGBO_0019_F_A0092.wav
IGBO_WESTERN_0025_F_B0316.wav,IGBO_WESTERN_0025_F_B0316.wav
YORUBA_YORUBA_0007_F_B0023.wav,YORUBA_YORUBA_0007_F_B0023.wav
YORUBA_YORUBA_0172_F_B0404.wav,YORUBA_YORUBA_0172_F_B0404.wav
YORUBA_YORUBA_0378_M_A0355.wav,YORUBA_YORUBA_0378_M_A0355.wav
OTHERS_YORUBA_0026_F_A0371.wav,OTHERS_YORUBA_0026_F_A0371.wav
YORUBA_YORUBA_0048_M_B0462.wav,YORUBA_YORUBA_0048_M_B0462.wav
YORUBA_YORUBA_0005_M_A0270.wav,YORUBA_YORUBA_0005_M_A0270.wav
YORUBA_YORUBA_0059_M_B0437.wav,YORUBA_YORUBA_0059_M_B0437.wav
YORUBA_YORUBA_0132_M_A0093.wav,YORUBA_YORUBA_0132_M_A0093.wav
YORUBA_YORUBA_0153_M_A0207.wav,YORUBA_YORUBA_0153_M_A0207.wav
YORUBA_YORUBA_0132_M_A0044.wav,YORUBA_YORUBA_0132_M_A0044.wav
IGBO_IGBO_0016_F_B0454.wav,IGBO_IGBO_0016_F_B0454.wav
YORUBA_YORUBA_0097_M_B0128.wav,YORUBA_YORUBA_0097_M_B0128.wav
IGBO_YORUBA_0018_M_A0335.wav,IGBO_YORUBA_0018_M_A0335.wav
YORUBA_YORUBA_0024_M_A0211.wav,YORUBA_YORUBA_0024_M_A0211.wav
YORUBA_YORUBA_0083_F_B0342.wav,YORUBA_YORUBA_0083_F_B0342.wav
YORUBA_YORUBA_0348_M_B0315.wav,YORUBA_YORUBA_0348_M_B0315.wav
YORUBA_HAUSA_0112_M_A0224.wav,YORUBA_HAUSA_0112_M_A0224.wav
YORUBA_YORUBA_0024_M_B0449.wav,YORUBA_YORUBA_0024_M_B0449.wav
YORUBA_YORUBA_0007_F_B0394.wav,YORUBA_YORUBA_0007_F_B0394.wav
YORUBA_WESTERN_0058_M_A0335.wav,YORUBA_WESTERN_0058_M_A0335.wav
OTHERS_HAUSA_0052_M_A0198.wav,OTHERS_HAUSA_0052_M_A0198.wav
IGBO_IGBO_0016_F_B0442.wav,IGBO_IGBO_0016_F_B0442.wav
OTHERS_HAUSA_0076_M_B0361.wav,OTHERS_HAUSA_0076_M_B0361.wav
YORUBA_YORUBA_0007_F_A0525.wav,YORUBA_YORUBA_0007_F_A0525.wav
YORUBA_HAUSA_0112_M_B0318.wav,YORUBA_HAUSA_0112_M_B0318.wav
YORUBA_YORUBA_0024_M_B0461.wav,YORUBA_YORUBA_0024_M_B0461.wav
YORUBA_HAUSA_0112_M_A0026.wav,YORUBA_HAUSA_0112_M_A0026.wav
YORUBA_YORUBA_0004_F_B0330.wav,YORUBA_YORUBA_0004_F_B0330.wav
YORUBA_YORUBA_0048_M_B0460.wav,YORUBA_YORUBA_0048_M_B0460.wav
OTHERS_YORUBA_0026_F_A0367.wav,OTHERS_YORUBA_0026_F_A0367.wav
YORUBA_YORUBA_0017_F_A0442.wav,YORUBA_YORUBA_0017_F_A0442.wav
EDO_OTHERS_0038_M_B0085.wav,EDO_OTHERS_0038_M_B0085.wav
YORUBA_YORUBA_0005_M_A0448.wav,YORUBA_YORUBA_0005_M_A0448.wav
IGBO_WESTERN_0025_F_A0228.wav,IGBO_WESTERN_0025_F_A0228.wav
YORUBA_YORUBA_0024_M_B0065.wav,YORUBA_YORUBA_0024_M_B0065.wav
IGBO_IGBO_0016_F_B0046.wav,IGBO_IGBO_0016_F_B0046.wav
EDO_OTHERS_0038_M_A0350.wav,EDO_OTHERS_0038_M_A0350.wav
IGBO_IGBO_0091_M_B0387.wav,IGBO_IGBO_0091_M_B0387.wav
YORUBA_YORUBA_0167_M_A0110.wav,YORUBA_YORUBA_0167_M_A0110.wav
EDO_OTHERS_0038_M_A0422.wav,EDO_OTHERS_0038_M_A0422.wav
YORUBA_YORUBA_0006_M_B0275.wav,YORUBA_YORUBA_0006_M_B0275.wav
YORUBA_YORUBA_0007_F_B0223.wav,YORUBA_YORUBA_0007_F_B0223.wav
YORUBA_YORUBA_0024_M_A0367.wav,YORUBA_YORUBA_0024_M_A0367.wav
OTHERS_HAUSA_0076_M_B0229.wav,OTHERS_HAUSA_0076_M_B0229.wav
OTHERS_HAUSA_0076_M_B0200.wav,OTHERS_HAUSA_0076_M_B0200.wav
IGBO_IGBO_0019_F_B0378.wav,IGBO_IGBO_0019_F_B0378.wav
YORUBA_YORUBA_0007_F_A0322.wav,YORUBA_YORUBA_0007_F_A0322.wav
YORUBA_YORUBA_0022_M_A0066.wav,YORUBA_YORUBA_0022_M_A0066.wav
YORUBA_HAUSA_0047_M_B0094.wav,YORUBA_HAUSA_0047_M_B0094.wav
YORUBA_YORUBA_0030_M_A0242.wav,YORUBA_YORUBA_0030_M_A0242.wav
YORUBA_YORUBA_0059_M_B0030.wav,YORUBA_YORUBA_0059_M_B0030.wav
YORUBA_YORUBA_0012_M_A0287.wav,YORUBA_YORUBA_0012_M_A0287.wav
IGBO_IGBO_0019_F_A0522.wav,IGBO_IGBO_0019_F_A0522.wav
IGBO_WESTERN_0025_F_A0215.wav,IGBO_WESTERN_0025_F_A0215.wav
IGBO_WESTERN_0025_F_B0301.wav,IGBO_WESTERN_0025_F_B0301.wav
YORUBA_YORUBA_0172_F_B0361.wav,YORUBA_YORUBA_0172_F_B0361.wav
OTHERS_YORUBA_0026_F_B0474.wav,OTHERS_YORUBA_0026_F_B0474.wav
YORUBA_YORUBA_0048_M_A0373.wav,YORUBA_YORUBA_0048_M_A0373.wav
EDO_OTHERS_0038_M_B0084.wav,EDO_OTHERS_0038_M_B0084.wav
EFIK_IBIBIO_EFIK_IBIBIO_0087_M_B0080.wav,EFIKIBIBIO_EFIKIBIBIO_0087_M_B0080.wav
IGBO_WESTERN_0025_F_B0329.wav,IGBO_WESTERN_0025_F_B0329.wav
YORUBA_YORUBA_0041_F_B0300.wav,YORUBA_YORUBA_0041_F_B0300.wav
YORUBA_WESTERN_0058_M_A0122.wav,YORUBA_WESTERN_0058_M_A0122.wav
YORUBA_YORUBA_0007_F_B0183.wav,YORUBA_YORUBA_0007_F_B0183.wav
YORUBA_YORUBA_0089_M_B0527.wav,YORUBA_YORUBA_0089_M_B0527.wav
YORUBA_YORUBA_0048_M_B0449.wav,YORUBA_YORUBA_0048_M_B0449.wav
YORUBA_YORUBA_0059_M_A0291.wav,YORUBA_YORUBA_0059_M_A0291.wav
YORUBA_HAUSA_0047_M_B0453.wav,YORUBA_HAUSA_0047_M_B0453.wav
IGBO_IGBO_0056_M_B0249.wav,IGBO_IGBO_0056_M_B0249.wav
YORUBA_YORUBA_0153_M_A0562.wav,YORUBA_YORUBA_0153_M_A0562.wav
IGBO_IGBO_0020_F_A0111.wav,IGBO_IGBO_0020_F_A0111.wav
YORUBA_YORUBA_0049_M_A0490.wav,YORUBA_YORUBA_0049_M_A0490.wav
EDO_IGBO_0122_M_A0316.wav,EDO_IGBO_0122_M_A0316.wav
YORUBA_YORUBA_0348_M_B0474.wav,YORUBA_YORUBA_0348_M_B0474.wav
IGBO_IGBO_0091_M_A0453.wav,IGBO_IGBO_0091_M_A0453.wav
EDO_OTHERS_0038_M_B0484.wav,EDO_OTHERS_0038_M_B0484.wav
IGBO_IGBO_0001_M_A0560.wav,IGBO_IGBO_0001_M_A0560.wav
EFIK_IBIBIO_EFIK_IBIBIO_0014_M_B0098.wav,EFIKIBIBIO_EFIKIBIBIO_0014_M_B0098.wav
YORUBA_YORUBA_0348_M_A0548.wav,YORUBA_YORUBA_0348_M_A0548.wav
EDO_IGBO_0122_M_A0104.wav,EDO_IGBO_0122_M_A0104.wav
IGBO_IGBO_0238_M_B0312.wav,IGBO_IGBO_0238_M_B0312.wav
YORUBA_YORUBA_0005_M_B0377.wav,YORUBA_YORUBA_0005_M_B0377.wav
YORUBA_YORUBA_0005_M_A0505.wav,YORUBA_YORUBA_0005_M_A0505.wav
YORUBA_YORUBA_0083_F_A0047.wav,YORUBA_YORUBA_0083_F_A0047.wav
IGBO_WESTERN_0025_F_A0417.wav,IGBO_WESTERN_0025_F_A0417.wav
YORUBA_YORUBA_0007_F_A0044.wav,YORUBA_YORUBA_0007_F_A0044.wav
IGBO_WESTERN_0025_F_A0371.wav,IGBO_WESTERN_0025_F_A0371.wav
YORUBA_YORUBA_0153_M_B0328.wav,YORUBA_YORUBA_0153_M_B0328.wav
YORUBA_YORUBA_0007_F_B0024.wav,YORUBA_YORUBA_0007_F_B0024.wav
IGBO_WESTERN_0025_F_B0477.wav,IGBO_WESTERN_0025_F_B0477.wav
YORUBA_HAUSA_0047_M_A0386.wav,YORUBA_HAUSA_0047_M_A0386.wav
YORUBA_YORUBA_0089_M_A0225.wav,YORUBA_YORUBA_0089_M_A0225.wav
YORUBA_YORUBA_0009_M_B0173.wav,YORUBA_YORUBA_0009_M_B0173.wav
YORUBA_YORUBA_0007_F_B0018.wav,YORUBA_YORUBA_0007_F_B0018.wav
YORUBA_YORUBA_0041_F_B0106.wav,YORUBA_YORUBA_0041_F_B0106.wav
IGBO_YORUBA_0018_M_B0420.wav,IGBO_YORUBA_0018_M_B0420.wav
IGBO_IGBO_0001_M_A0372.wav,IGBO_IGBO_0001_M_A0372.wav
EDO_OTHERS_0038_M_A0396.wav,EDO_OTHERS_0038_M_A0396.wav
YORUBA_YORUBA_0006_M_A0402.wav,YORUBA_YORUBA_0006_M_A0402.wav
YORUBA_YORUBA_0024_M_B0511.wav,YORUBA_YORUBA_0024_M_B0511.wav
IGBO_IGBO_0010_M_A0440.wav,IGBO_IGBO_0010_M_A0440.wav
IGBO_IGBO_0952_M_A0351.wav,IGBO_IGBO_0952_M_A0351.wav
YORUBA_YORUBA_0132_M_A0446.wav,YORUBA_YORUBA_0132_M_A0446.wav
YORUBA_YORUBA_0007_F_A0482.wav,YORUBA_YORUBA_0007_F_A0482.wav
YORUBA_YORUBA_0048_M_B0538.wav,YORUBA_YORUBA_0048_M_B0538.wav
YORUBA_YORUBA_0004_F_B0526.wav,YORUBA_YORUBA_0004_F_B0526.wav
YORUBA_YORUBA_0041_F_B0463.wav,YORUBA_YORUBA_0041_F_B0463.wav
YORUBA_YORUBA_0022_M_B0413.wav,YORUBA_YORUBA_0022_M_B0413.wav
EDO_OTHERS_0038_M_B0122.wav,EDO_OTHERS_0038_M_B0122.wav
IGBO_IGBO_0020_F_A0100.wav,IGBO_IGBO_0020_F_A0100.wav
OTHERS_YORUBA_0026_F_B0505.wav,OTHERS_YORUBA_0026_F_B0505.wav
YORUBA_YORUBA_0007_F_A0086.wav,YORUBA_YORUBA_0007_F_A0086.wav
YORUBA_YORUBA_0041_F_B0259.wav,YORUBA_YORUBA_0041_F_B0259.wav
YORUBA_YORUBA_0007_F_A0092.wav,YORUBA_YORUBA_0007_F_A0092.wav
YORUBA_YORUBA_0007_F_A0509.wav,YORUBA_YORUBA_0007_F_A0509.wav
IGBO_WESTERN_0054_M_A0468.wav,IGBO_WESTERN_0054_M_A0468.wav
YORUBA_YORUBA_0097_M_B0112.wav,YORUBA_YORUBA_0097_M_B0112.wav
OTHERS_OTHERS_0117_F_A0083.wav,OTHERS_OTHERS_0117_F_A0083.wav
YORUBA_YORUBA_0022_M_B0003.wav,YORUBA_YORUBA_0022_M_B0003.wav
YORUBA_YORUBA_0007_F_B0353.wav,YORUBA_YORUBA_0007_F_B0353.wav
IGBO_IGBO_0010_M_A0287.wav,IGBO_IGBO_0010_M_A0287.wav
IGBO_IGBO_0010_M_B0378.wav,IGBO_IGBO_0010_M_B0378.wav
YORUBA_YORUBA_0030_M_A0325.wav,YORUBA_YORUBA_0030_M_A0325.wav
YORUBA_YORUBA_0102_F_A0312.wav,YORUBA_YORUBA_0102_F_A0312.wav
IGBO_IGBO_0011_M_A0148.wav,IGBO_IGBO_0011_M_A0148.wav
IGBO_IGBO_0010_M_B0393.wav,IGBO_IGBO_0010_M_B0393.wav
IGBO_WESTERN_0054_M_A0456.wav,IGBO_WESTERN_0054_M_A0456.wav
YORUBA_YORUBA_0041_F_A0165.wav,YORUBA_YORUBA_0041_F_A0165.wav
OTHERS_OTHERS_0117_F_A0042.wav,OTHERS_OTHERS_0117_F_A0042.wav
EDO_OTHERS_0038_M_A0587.wav,EDO_OTHERS_0038_M_A0587.wav
YORUBA_YORUBA_0007_F_A0090.wav,YORUBA_YORUBA_0007_F_A0090.wav
YORUBA_YORUBA_0153_M_A0565.wav,YORUBA_YORUBA_0153_M_A0565.wav
YORUBA_YORUBA_0012_M_A0121.wav,YORUBA_YORUBA_0012_M_A0121.wav
YORUBA_YORUBA_0102_F_B0038.wav,YORUBA_YORUBA_0102_F_B0038.wav
YORUBA_YORUBA_0048_M_B0472.wav,YORUBA_YORUBA_0048_M_B0472.wav
YORUBA_YORUBA_0083_F_A0078.wav,YORUBA_YORUBA_0083_F_A0078.wav
IGBO_YORUBA_0060_F_B0112.wav,IGBO_YORUBA_0060_F_B0112.wav
EFIK_IBIBIO_EFIK_IBIBIO_0014_M_B0474.wav,EFIKIBIBIO_EFIKIBIBIO_0014_M_B0474.wav
IGBO_WESTERN_0025_F_B0312.wav,IGBO_WESTERN_0025_F_B0312.wav
EDO_YORUBA_0053_M_A0399.wav,EDO_YORUBA_0053_M_A0399.wav
YORUBA_YORUBA_0132_M_A0120.wav,YORUBA_YORUBA_0132_M_A0120.wav
YORUBA_YORUBA_0017_F_A0530.wav,YORUBA_YORUBA_0017_F_A0530.wav
IGBO_WESTERN_0025_F_A0560.wav,IGBO_WESTERN_0025_F_A0560.wav
YORUBA_YORUBA_0030_M_B0184.wav,YORUBA_YORUBA_0030_M_B0184.wav
YORUBA_YORUBA_0059_M_A0490.wav,YORUBA_YORUBA_0059_M_A0490.wav
YORUBA_HAUSA_0047_M_B0044.wav,YORUBA_HAUSA_0047_M_B0044.wav
YORUBA_YORUBA_0137_M_B0435.wav,YORUBA_YORUBA_0137_M_B0435.wav
YORUBA_YORUBA_0041_F_B0105.wav,YORUBA_YORUBA_0041_F_B0105.wav
IGBO_IGBO_0016_F_A0381.wav,IGBO_IGBO_0016_F_A0381.wav
IGBO_IGBO_0001_M_A0371.wav,IGBO_IGBO_0001_M_A0371.wav
OTHERS_WESTERN_0721_F_A0273.wav,OTHERS_WESTERN_0721_F_A0273.wav
YORUBA_YORUBA_0006_M_A0414.wav,YORUBA_YORUBA_0006_M_A0414.wav
YORUBA_YORUBA_0022_M_A0060.wav,YORUBA_YORUBA_0022_M_A0060.wav
YORUBA_YORUBA_0022_M_B0174.wav,YORUBA_YORUBA_0022_M_B0174.wav
EDO_OTHERS_0038_M_A0182.wav,EDO_OTHERS_0038_M_A0182.wav
OTHERS_OTHERS_0084_F_A0045.wav,OTHERS_OTHERS_0084_F_A0045.wav
EDO_OTHERS_0175_F_B0361.wav,EDO_OTHERS_0175_F_B0361.wav
YORUBA_YORUBA_0167_M_A0498.wav,YORUBA_YORUBA_0167_M_A0498.wav
IGBO_OTHERS_0268_M_A0070.wav,IGBO_OTHERS_0268_M_A0070.wav
YORUBA_YORUBA_0008_M_A0553.wav,YORUBA_YORUBA_0008_M_A0553.wav
IGBO_WESTERN_0025_F_A0401.wav,IGBO_WESTERN_0025_F_A0401.wav
YORUBA_YORUBA_0007_F_B0185.wav,YORUBA_YORUBA_0007_F_B0185.wav
IGBO_IGBO_0019_F_A0120.wav,IGBO_IGBO_0019_F_A0120.wav
YORUBA_HAUSA_0112_M_A0021.wav,YORUBA_HAUSA_0112_M_A0021.wav
YORUBA_YORUBA_0059_M_A0268.wav,YORUBA_YORUBA_0059_M_A0268.wav
YORUBA_HAUSA_0112_M_A0009.wav,YORUBA_HAUSA_0112_M_A0009.wav
YORUBA_YORUBA_0153_M_A0570.wav,YORUBA_YORUBA_0153_M_A0570.wav
YORUBA_YORUBA_0049_M_A0496.wav,YORUBA_YORUBA_0049_M_A0496.wav
YORUBA_YORUBA_0007_F_A0278.wav,YORUBA_YORUBA_0007_F_A0278.wav
YORUBA_YORUBA_0007_F_B0393.wav,YORUBA_YORUBA_0007_F_B0393.wav
YORUBA_HAUSA_0112_M_A0551.wav,YORUBA_HAUSA_0112_M_A0551.wav
YORUBA_YORUBA_0041_F_B0070.wav,YORUBA_YORUBA_0041_F_B0070.wav
IGBO_IGBO_0010_M_B0423.wav,IGBO_IGBO_0010_M_B0423.wav
YORUBA_YORUBA_0030_M_A0481.wav,YORUBA_YORUBA_0030_M_A0481.wav
EDO_OTHERS_0038_M_B0387.wav,EDO_OTHERS_0038_M_B0387.wav
YORUBA_YORUBA_0009_M_B0506.wav,YORUBA_YORUBA_0009_M_B0506.wav
IGBO_IGBO_0016_F_B0393.wav,IGBO_IGBO_0016_F_B0393.wav
YORUBA_YORUBA_0022_M_B0067.wav,YORUBA_YORUBA_0022_M_B0067.wav
IGBO_IGBO_0010_M_B0450.wav,IGBO_IGBO_0010_M_B0450.wav
YORUBA_YORUBA_0102_F_B0506.wav,YORUBA_YORUBA_0102_F_B0506.wav
IGBO_IGBO_0019_F_A0386.wav,IGBO_IGBO_0019_F_A0386.wav
OTHERS_OTHERS_0084_F_B0283.wav,OTHERS_OTHERS_0084_F_B0283.wav
OTHERS_YORUBA_0026_F_A0105.wav,OTHERS_YORUBA_0026_F_A0105.wav
YORUBA_YORUBA_0022_M_B0259.wav,YORUBA_YORUBA_0022_M_B0259.wav
YORUBA_WESTERN_0058_M_A0180.wav,YORUBA_WESTERN_0058_M_A0180.wav
YORUBA_YORUBA_0288_M_A0231.wav,YORUBA_YORUBA_0288_M_A0231.wav
YORUBA_YORUBA_0067_M_B0320.wav,YORUBA_YORUBA_0067_M_B0320.wav
IGBO_IGBO_0019_F_B0053.wav,IGBO_IGBO_0019_F_B0053.wav
OTHERS_OTHERS_0154_M_B0205.wav,OTHERS_OTHERS_0154_M_B0205.wav
YORUBA_YORUBA_0004_F_A0495.wav,YORUBA_YORUBA_0004_F_A0495.wav
YORUBA_YORUBA_0172_F_A0572.wav,YORUBA_YORUBA_0172_F_A0572.wav
YORUBA_YORUBA_0005_M_A0372.wav,YORUBA_YORUBA_0005_M_A0372.wav
EDO_IGBO_0122_M_B0115.wav,EDO_IGBO_0122_M_B0115.wav
YORUBA_YORUBA_0083_F_A0383.wav,YORUBA_YORUBA_0083_F_A0383.wav
YORUBA_YORUBA_0137_M_B0321.wav,YORUBA_YORUBA_0137_M_B0321.wav
YORUBA_YORUBA_0097_M_A0116.wav,YORUBA_YORUBA_0097_M_A0116.wav
YORUBA_YORUBA_0102_F_B0466.wav,YORUBA_YORUBA_0102_F_B0466.wav
YORUBA_YORUBA_0028_M_A0063.wav,YORUBA_YORUBA_0028_M_A0063.wav
YORUBA_WESTERN_0058_M_A0209.wav,YORUBA_WESTERN_0058_M_A0209.wav
YORUBA_YORUBA_0288_M_B0053.wav,YORUBA_YORUBA_0288_M_B0053.wav
YORUBA_YORUBA_0063_F_B0164.wav,YORUBA_YORUBA_0063_F_B0164.wav
EDO_OTHERS_0038_M_B0219.wav,EDO_OTHERS_0038_M_B0219.wav
IGBO_IGBO_0056_M_A0063.wav,IGBO_IGBO_0056_M_A0063.wav
YORUBA_YORUBA_0007_F_A0418.wav,YORUBA_YORUBA_0007_F_A0418.wav
YORUBA_YORUBA_0007_F_B0524.wav,YORUBA_YORUBA_0007_F_B0524.wav
OTHERS_HAUSA_0076_M_A0374.wav,OTHERS_HAUSA_0076_M_A0374.wav
IGBO_IGBO_0056_M_B0177.wav,IGBO_IGBO_0056_M_B0177.wav
YORUBA_YORUBA_0132_M_A0437.wav,YORUBA_YORUBA_0132_M_A0437.wav
IGBO_WESTERN_0054_M_A0009.wav,IGBO_WESTERN_0054_M_A0009.wav
IGBO_IGBO_0010_M_A0141.wav,IGBO_IGBO_0010_M_A0141.wav
OTHERS_HAUSA_0052_M_B0358.wav,OTHERS_HAUSA_0052_M_B0358.wav
YORUBA_YORUBA_0007_F_A0154.wav,YORUBA_YORUBA_0007_F_A0154.wav
OTHERS_OTHERS_0154_M_B0416.wav,OTHERS_OTHERS_0154_M_B0416.wav
YORUBA_YORUBA_0008_M_A0327.wav,YORUBA_YORUBA_0008_M_A0327.wav
IGBO_WESTERN_0054_M_A0021.wav,IGBO_WESTERN_0054_M_A0021.wav
OTHERS_YORUBA_0026_F_B0400.wav,OTHERS_YORUBA_0026_F_B0400.wav
EDO_YORUBA_0053_M_B0201.wav,EDO_YORUBA_0053_M_B0201.wav
EDO_OTHERS_0038_M_A0133.wav,EDO_OTHERS_0038_M_A0133.wav
YORUBA_YORUBA_0059_M_A0352.wav,YORUBA_YORUBA_0059_M_A0352.wav
YORUBA_YORUBA_0580_F_B0003.wav,YORUBA_YORUBA_0580_F_B0003.wav
YORUBA_YORUBA_0004_F_B0386.wav,YORUBA_YORUBA_0004_F_B0386.wav
IGBO_IGBO_0001_M_A0074.wav,IGBO_IGBO_0001_M_A0074.wav
YORUBA_YORUBA_0137_M_A0181.wav,YORUBA_YORUBA_0137_M_A0181.wav
IGBO_IGBO_0056_M_B0229.wav,IGBO_IGBO_0056_M_B0229.wav
YORUBA_YORUBA_0428_F_A0305.wav,YORUBA_YORUBA_0428_F_A0305.wav
YORUBA_YORUBA_0288_M_A0224.wav,YORUBA_YORUBA_0288_M_A0224.wav
YORUBA_YORUBA_0167_M_A0575.wav,YORUBA_YORUBA_0167_M_A0575.wav
IGBO_IGBO_0010_M_A0545.wav,IGBO_IGBO_0010_M_A0545.wav
IGBO_IGBO_0010_M_B0486.wav,IGBO_IGBO_0010_M_B0486.wav
YORUBA_YORUBA_0007_F_A0578.wav,YORUBA_YORUBA_0007_F_A0578.wav
EDO_OTHERS_0038_M_B0437.wav,EDO_OTHERS_0038_M_B0437.wav
YORUBA_YORUBA_0030_M_A0418.wav,YORUBA_YORUBA_0030_M_A0418.wav
YORUBA_YORUBA_0009_M_B0275.wav,YORUBA_YORUBA_0009_M_B0275.wav
IGBO_YORUBA_0416_M_A0562.wav,IGBO_YORUBA_0416_M_A0562.wav
YORUBA_HAUSA_0047_M_B0157.wav,YORUBA_HAUSA_0047_M_B0157.wav
YORUBA_YORUBA_0132_M_A0557.wav,YORUBA_YORUBA_0132_M_A0557.wav
EDO_OTHERS_0038_M_A0537.wav,EDO_OTHERS_0038_M_A0537.wav
IGBO_IGBO_0016_F_A0521.wav,IGBO_IGBO_0016_F_A0521.wav
IGBO_IGBO_0056_M_B0029.wav,IGBO_IGBO_0056_M_B0029.wav
IGBO_YORUBA_0060_F_B0201.wav,IGBO_YORUBA_0060_F_B0201.wav
YORUBA_YORUBA_0017_F_A0179.wav,YORUBA_YORUBA_0017_F_A0179.wav
YORUBA_YORUBA_0097_M_B0161.wav,YORUBA_YORUBA_0097_M_B0161.wav
IGBO_YORUBA_0549_M_A0500.wav,IGBO_YORUBA_0549_M_A0500.wav
YORUBA_YORUBA_0008_M_B0437.wav,YORUBA_YORUBA_0008_M_B0437.wav
IGBO_IGBO_0016_F_A0045.wav,IGBO_IGBO_0016_F_A0045.wav
IGBO_YORUBA_0018_M_B0081.wav,IGBO_YORUBA_0018_M_B0081.wav
YORUBA_YORUBA_0167_M_B0488.wav,YORUBA_YORUBA_0167_M_B0488.wav
YORUBA_YORUBA_0348_M_A0062.wav,YORUBA_YORUBA_0348_M_A0062.wav
IGBO_IGBO_0056_M_B0377.wav,IGBO_IGBO_0056_M_B0377.wav
EDO_OTHERS_0175_F_B0488.wav,EDO_OTHERS_0175_F_B0488.wav
OTHERS_OTHERS_0154_M_B0372.wav,OTHERS_OTHERS_0154_M_B0372.wav
IGBO_IGBO_0045_F_A0005.wav,IGBO_IGBO_0045_F_A0005.wav
YORUBA_YORUBA_0007_F_B0095.wav,YORUBA_YORUBA_0007_F_B0095.wav
OTHERS_YORUBA_0101_M_A0245.wav,OTHERS_YORUBA_0101_M_A0245.wav
IGBO_WESTERN_0054_M_B0309.wav,IGBO_WESTERN_0054_M_B0309.wav
YORUBA_YORUBA_0288_M_A0150.wav,YORUBA_YORUBA_0288_M_A0150.wav
IGBO_IGBO_0019_F_B0454.wav,IGBO_IGBO_0019_F_B0454.wav
IGBO_WESTERN_0054_M_A0553.wav,IGBO_WESTERN_0054_M_A0553.wav
YORUBA_YORUBA_0378_M_B0022.wav,YORUBA_YORUBA_0378_M_B0022.wav
IGBO_WESTERN_0054_M_A0209.wav,IGBO_WESTERN_0054_M_A0209.wav
IGBO_IGBO_0016_F_B0226.wav,IGBO_IGBO_0016_F_B0226.wav
YORUBA_YORUBA_0048_M_B0006.wav,YORUBA_YORUBA_0048_M_B0006.wav
YORUBA_WESTERN_0058_M_A0579.wav,YORUBA_WESTERN_0058_M_A0579.wav
IGBO_OTHERS_0268_M_A0203.wav,IGBO_OTHERS_0268_M_A0203.wav
YORUBA_YORUBA_0007_F_A0143.wav,YORUBA_YORUBA_0007_F_A0143.wav
IGBO_WESTERN_0025_F_A0510.wav,IGBO_WESTERN_0025_F_A0510.wav
YORUBA_WESTERN_0364_M_A0348.wav,YORUBA_WESTERN_0364_M_A0348.wav
YORUBA_YORUBA_0041_F_A0277.wav,YORUBA_YORUBA_0041_F_A0277.wav
EDO_YORUBA_0053_M_A0458.wav,EDO_YORUBA_0053_M_A0458.wav
YORUBA_YORUBA_0167_M_A0358.wav,YORUBA_YORUBA_0167_M_A0358.wav
OTHERS_HAUSA_0076_M_A0161.wav,OTHERS_HAUSA_0076_M_A0161.wav
YORUBA_YORUBA_0102_F_B0100.wav,YORUBA_YORUBA_0102_F_B0100.wav
YORUBA_YORUBA_0048_M_A0310.wav,YORUBA_YORUBA_0048_M_A0310.wav
YORUBA_HAUSA_0112_M_A0118.wav,YORUBA_HAUSA_0112_M_A0118.wav
YORUBA_YORUBA_0167_M_A0402.wav,YORUBA_YORUBA_0167_M_A0402.wav
YORUBA_YORUBA_0007_F_A0023.wav,YORUBA_YORUBA_0007_F_A0023.wav
YORUBA_YORUBA_0005_M_A0204.wav,YORUBA_YORUBA_0005_M_A0204.wav
EDO_YORUBA_0053_M_B0389.wav,EDO_YORUBA_0053_M_B0389.wav
YORUBA_YORUBA_0005_M_A0238.wav,YORUBA_YORUBA_0005_M_A0238.wav
YORUBA_YORUBA_0059_M_B0457.wav,YORUBA_YORUBA_0059_M_B0457.wav
OTHERS_OTHERS_0154_M_B0207.wav,OTHERS_OTHERS_0154_M_B0207.wav
YORUBA_HAUSA_0112_M_A0078.wav,YORUBA_HAUSA_0112_M_A0078.wav
YORUBA_YORUBA_0022_M_B0529.wav,YORUBA_YORUBA_0022_M_B0529.wav
YORUBA_YORUBA_0007_F_B0484.wav,YORUBA_YORUBA_0007_F_B0484.wav
YORUBA_YORUBA_0006_M_A0277.wav,YORUBA_YORUBA_0006_M_A0277.wav
YORUBA_YORUBA_0004_F_A0044.wav,YORUBA_YORUBA_0004_F_A0044.wav
EDO_OTHERS_0038_M_A0285.wav,EDO_OTHERS_0038_M_A0285.wav
EDO_IGBO_0122_M_A0413.wav,EDO_IGBO_0122_M_A0413.wav
YORUBA_HAUSA_0047_M_B0154.wav,YORUBA_HAUSA_0047_M_B0154.wav
YORUBA_YORUBA_0024_M_A0265.wav,YORUBA_YORUBA_0024_M_A0265.wav
IGBO_WESTERN_0054_M_A0383.wav,IGBO_WESTERN_0054_M_A0383.wav
YORUBA_YORUBA_0009_M_B0272.wav,YORUBA_YORUBA_0009_M_B0272.wav
YORUBA_YORUBA_0083_F_B0332.wav,YORUBA_YORUBA_0083_F_B0332.wav
YORUBA_YORUBA_0022_M_B0061.wav,YORUBA_YORUBA_0022_M_B0061.wav
IGBO_IGBO_0019_F_B0280.wav,IGBO_IGBO_0019_F_B0280.wav
EDO_OTHERS_0038_M_B0381.wav,EDO_OTHERS_0038_M_B0381.wav
YORUBA_YORUBA_0004_F_A0083.wav,YORUBA_YORUBA_0004_F_A0083.wav
IGBO_YORUBA_0060_F_B0238.wav,IGBO_YORUBA_0060_F_B0238.wav
YORUBA_YORUBA_0007_F_B0319.wav,YORUBA_YORUBA_0007_F_B0319.wav
EDO_OTHERS_0038_M_A0256.wav,EDO_OTHERS_0038_M_A0256.wav
IGBO_YORUBA_0018_M_B0245.wav,IGBO_YORUBA_0018_M_B0245.wav
YORUBA_YORUBA_0024_M_B0407.wav,YORUBA_YORUBA_0024_M_B0407.wav
EFIK_IBIBIO_EFIK_IBIBIO_0014_M_A0138.wav,EFIKIBIBIO_EFIKIBIBIO_0014_M_A0138.wav
YORUBA_YORUBA_0022_M_A0149.wav,YORUBA_YORUBA_0022_M_A0149.wav
EFIK_IBIBIO_EFIK_IBIBIO_0087_M_B0434.wav,EFIKIBIBIO_EFIKIBIBIO_0087_M_B0434.wav
YORUBA_YORUBA_0007_F_A0219.wav,YORUBA_YORUBA_0007_F_A0219.wav
YORUBA_YORUBA_0022_M_A0411.wav,YORUBA_YORUBA_0022_M_A0411.wav
EDO_OTHERS_0175_F_B0506.wav,EDO_OTHERS_0175_F_B0506.wav
YORUBA_YORUBA_0153_M_B0377.wav,YORUBA_YORUBA_0153_M_B0377.wav
YORUBA_YORUBA_0006_M_A0071.wav,YORUBA_YORUBA_0006_M_A0071.wav
YORUBA_HAUSA_0112_M_A0097.wav,YORUBA_HAUSA_0112_M_A0097.wav
YORUBA_YORUBA_0006_M_A0065.wav,YORUBA_YORUBA_0006_M_A0065.wav
OTHERS_HAUSA_0147_M_A0079.wav,OTHERS_HAUSA_0147_M_A0079.wav
IGBO_WESTERN_0025_F_B0372.wav,IGBO_WESTERN_0025_F_B0372.wav
YORUBA_YORUBA_0007_F_A0190.wav,YORUBA_YORUBA_0007_F_A0190.wav
YORUBA_YORUBA_0137_M_B0125.wav,YORUBA_YORUBA_0137_M_B0125.wav
YORUBA_YORUBA_0288_M_A0357.wav,YORUBA_YORUBA_0288_M_A0357.wav
YORUBA_WESTERN_0058_M_A0025.wav,YORUBA_WESTERN_0058_M_A0025.wav
YORUBA_YORUBA_0006_M_B0207.wav,YORUBA_YORUBA_0006_M_B0207.wav
EDO_OTHERS_0038_M_A0450.wav,EDO_OTHERS_0038_M_A0450.wav
IGBO_WESTERN_0025_F_B0158.wav,IGBO_WESTERN_0025_F_B0158.wav
IGBO_IGBO_0010_M_B0287.wav,IGBO_IGBO_0010_M_B0287.wav
YORUBA_YORUBA_0007_F_A0379.wav,YORUBA_YORUBA_0007_F_A0379.wav
YORUBA_YORUBA_0153_M_B0029.wav,YORUBA_YORUBA_0153_M_B0029.wav
EDO_YORUBA_0053_M_A0138.wav,EDO_YORUBA_0053_M_A0138.wav
EFIK_IBIBIO_EFIK_IBIBIO_0087_M_B0226.wav,EFIKIBIBIO_EFIKIBIBIO_0087_M_B0226.wav
OTHERS_HAUSA_0147_M_B0434.wav,OTHERS_HAUSA_0147_M_B0434.wav
IGBO_YORUBA_0060_F_A0271.wav,IGBO_YORUBA_0060_F_A0271.wav
IGBO_IGBO_0045_F_A0571.wav,IGBO_IGBO_0045_F_A0571.wav
YORUBA_YORUBA_0007_F_B0287.wav,YORUBA_YORUBA_0007_F_B0287.wav
YORUBA_YORUBA_0007_F_A0344.wav,YORUBA_YORUBA_0007_F_A0344.wav
IGBO_IGBO_0010_M_A0423.wav,IGBO_IGBO_0010_M_A0423.wav
YORUBA_YORUBA_0059_M_A0156.wav,YORUBA_YORUBA_0059_M_A0156.wav
YORUBA_YORUBA_0041_F_A0272.wav,YORUBA_YORUBA_0041_F_A0272.wav
IGBO_WESTERN_0025_F_B0398.wav,IGBO_WESTERN_0025_F_B0398.wav
YORUBA_YORUBA_0007_F_A0152.wav,YORUBA_YORUBA_0007_F_A0152.wav
EFIK_IBIBIO_EFIK_IBIBIO_0014_M_A0501.wav,EFIKIBIBIO_EFIKIBIBIO_0014_M_A0501.wav
YORUBA_YORUBA_0022_M_A0564.wav,YORUBA_YORUBA_0022_M_A0564.wav
OTHERS_OTHERS_0154_M_B0389.wav,OTHERS_OTHERS_0154_M_B0389.wav
IGBO_IGBO_0019_F_A0008.wav,IGBO_IGBO_0019_F_A0008.wav
YORUBA_YORUBA_0153_M_A0289.wav,YORUBA_YORUBA_0153_M_A0289.wav
IGBO_IGBO_0045_F_A0149.wav,IGBO_IGBO_0045_F_A0149.wav
OTHERS_YORUBA_0026_F_A0328.wav,OTHERS_YORUBA_0026_F_A0328.wav
YORUBA_YORUBA_0007_F_A0026.wav,YORUBA_YORUBA_0007_F_A0026.wav
YORUBA_YORUBA_0022_M_A0362.wav,YORUBA_YORUBA_0022_M_A0362.wav
YORUBA_YORUBA_0167_M_B0329.wav,YORUBA_YORUBA_0167_M_B0329.wav
IGBO_YORUBA_0060_F_A0113.wav,IGBO_YORUBA_0060_F_A0113.wav
EDO_OTHERS_0175_F_B0275.wav,EDO_OTHERS_0175_F_B0275.wav
IGBO_IGBO_0010_M_A0033.wav,IGBO_IGBO_0010_M_A0033.wav
OTHERS_YORUBA_0026_F_A0499.wav,OTHERS_YORUBA_0026_F_A0499.wav
IGBO_IGBO_0019_F_A0140.wav,IGBO_IGBO_0019_F_A0140.wav
IGBO_IGBO_0091_M_B0096.wav,IGBO_IGBO_0091_M_B0096.wav
IGBO_IGBO_0019_F_B0083.wav,IGBO_IGBO_0019_F_B0083.wav
EDO_OTHERS_0175_F_A0407.wav,EDO_OTHERS_0175_F_A0407.wav
EDO_IGBO_0122_M_A0172.wav,EDO_IGBO_0122_M_A0172.wav
YORUBA_HAUSA_0112_M_B0425.wav,YORUBA_HAUSA_0112_M_B0425.wav
IGBO_OTHERS_0268_M_B0514.wav,IGBO_OTHERS_0268_M_B0514.wav
IGBO_IGBO_0016_F_B0419.wav,IGBO_IGBO_0016_F_B0419.wav
IGBO_IGBO_0019_F_B0524.wav,IGBO_IGBO_0019_F_B0524.wav
YORUBA_YORUBA_0153_M_B0160.wav,YORUBA_YORUBA_0153_M_B0160.wav
YORUBA_YORUBA_0006_M_A0299.wav,YORUBA_YORUBA_0006_M_A0299.wav
YORUBA_YORUBA_0007_F_B0324.wav,YORUBA_YORUBA_0007_F_B0324.wav
IGBO_IGBO_0016_F_A0257.wav,IGBO_IGBO_0016_F_A0257.wav
YORUBA_YORUBA_0022_M_B0062.wav,YORUBA_YORUBA_0022_M_B0062.wav
YORUBA_YORUBA_0024_M_B0389.wav,YORUBA_YORUBA_0024_M_B0389.wav
IGBO_IGBO_0010_M_A0541.wav,IGBO_IGBO_0010_M_A0541.wav
IGBO_YORUBA_0060_F_A0461.wav,IGBO_YORUBA_0060_F_A0461.wav
YORUBA_YORUBA_0007_F_B0483.wav,YORUBA_YORUBA_0007_F_B0483.wav
YORUBA_YORUBA_0007_F_A0232.wav,YORUBA_YORUBA_0007_F_A0232.wav
YORUBA_WESTERN_0058_M_B0293.wav,YORUBA_WESTERN_0058_M_B0293.wav
YORUBA_YORUBA_0049_M_A0386.wav,YORUBA_YORUBA_0049_M_A0386.wav
OTHERS_OTHERS_0154_M_B0016.wav,OTHERS_OTHERS_0154_M_B0016.wav
EDO_OTHERS_0038_M_B0433.wav,EDO_OTHERS_0038_M_B0433.wav
YORUBA_YORUBA_0007_F_B0124.wav,YORUBA_YORUBA_0007_F_B0124.wav
YORUBA_YORUBA_0009_M_B0073.wav,YORUBA_YORUBA_0009_M_B0073.wav
OTHERS_HAUSA_0052_M_A0472.wav,OTHERS_HAUSA_0052_M_A0472.wav
YORUBA_YORUBA_0004_F_B0355.wav,YORUBA_YORUBA_0004_F_B0355.wav
IGBO_IGBO_0091_M_B0080.wav,IGBO_IGBO_0091_M_B0080.wav
EDO_OTHERS_0038_M_B0194.wav,EDO_OTHERS_0038_M_B0194.wav
YORUBA_YORUBA_0378_M_A0520.wav,YORUBA_YORUBA_0378_M_A0520.wav
IGBO_IGBO_0019_F_B0081.wav,IGBO_IGBO_0019_F_B0081.wav
YORUBA_YORUBA_0041_F_B0210.wav,YORUBA_YORUBA_0041_F_B0210.wav
YORUBA_YORUBA_0230_M_A0365.wav,YORUBA_YORUBA_0230_M_A0365.wav
YORUBA_YORUBA_0132_M_B0137.wav,YORUBA_YORUBA_0132_M_B0137.wav
IGBO_IGBO_0001_M_A0064.wav,IGBO_IGBO_0001_M_A0064.wav
IGBO_IGBO_0010_M_B0079.wav,IGBO_IGBO_0010_M_B0079.wav
IGBO_IGBO_0010_M_A0151.wav,IGBO_IGBO_0010_M_A0151.wav
YORUBA_YORUBA_0048_M_B0203.wav,YORUBA_YORUBA_0048_M_B0203.wav
YORUBA_YORUBA_0059_M_B0524.wav,YORUBA_YORUBA_0059_M_B0524.wav
IGBO_IGBO_0010_M_B0521.wav,IGBO_IGBO_0010_M_B0521.wav
OTHERS_YORUBA_0026_F_B0148.wav,OTHERS_YORUBA_0026_F_B0148.wav
IGBO_IGBO_0045_F_B0329.wav,IGBO_IGBO_0045_F_B0329.wav
YORUBA_YORUBA_0005_M_A0161.wav,YORUBA_YORUBA_0005_M_A0161.wav
YORUBA_YORUBA_0005_M_A0148.wav,YORUBA_YORUBA_0005_M_A0148.wav
YORUBA_YORUBA_0041_F_B0173.wav,YORUBA_YORUBA_0041_F_B0173.wav
YORUBA_YORUBA_0007_F_B0509.wav,YORUBA_YORUBA_0007_F_B0509.wav
IGBO_IGBO_0011_M_A0512.wav,IGBO_IGBO_0011_M_A0512.wav
YORUBA_YORUBA_0041_F_A0517.wav,YORUBA_YORUBA_0041_F_A0517.wav
YORUBA_YORUBA_0097_M_A0338.wav,YORUBA_YORUBA_0097_M_A0338.wav
IGBO_WESTERN_0025_F_B0364.wav,IGBO_WESTERN_0025_F_B0364.wav
YORUBA_YORUBA_0030_M_B0086.wav,YORUBA_YORUBA_0030_M_B0086.wav
YORUBA_YORUBA_0230_M_B0270.wav,YORUBA_YORUBA_0230_M_B0270.wav
YORUBA_YORUBA_0378_M_B0390.wav,YORUBA_YORUBA_0378_M_B0390.wav
YORUBA_YORUBA_0167_M_A0570.wav,YORUBA_YORUBA_0167_M_A0570.wav
YORUBA_YORUBA_0041_F_B0205.wav,YORUBA_YORUBA_0041_F_B0205.wav
YORUBA_YORUBA_0048_M_A0510.wav,YORUBA_YORUBA_0048_M_A0510.wav
YORUBA_YORUBA_0007_F_B0125.wav,YORUBA_YORUBA_0007_F_B0125.wav
YORUBA_YORUBA_0378_M_A0092.wav,YORUBA_YORUBA_0378_M_A0092.wav
YORUBA_YORUBA_0137_M_A0423.wav,YORUBA_YORUBA_0137_M_A0423.wav
YORUBA_YORUBA_0348_M_A0273.wav,YORUBA_YORUBA_0348_M_A0273.wav
EDO_YORUBA_0053_M_A0072.wav,EDO_YORUBA_0053_M_A0072.wav
YORUBA_YORUBA_0048_M_B0174.wav,YORUBA_YORUBA_0048_M_B0174.wav
IGBO_IGBO_0091_M_A0432.wav,IGBO_IGBO_0091_M_A0432.wav
EDO_OTHERS_0038_M_B0383.wav,EDO_OTHERS_0038_M_B0383.wav
YORUBA_YORUBA_0041_F_B0013.wav,YORUBA_YORUBA_0041_F_B0013.wav
OTHERS_HAUSA_0076_M_B0488.wav,OTHERS_HAUSA_0076_M_B0488.wav
EDO_OTHERS_0038_M_B0397.wav,EDO_OTHERS_0038_M_B0397.wav
